The Netherlands;England;24
England;The Netherlands;24
Holy Roman Empire;Spain;17
Holy Roman Empire;Austria;17
Austria;Holy Roman Empire;17
Spain;Holy Roman Empire;17
Spain;France;16
France;Spain;16
France;Canada;14
Canada;France;14
The Netherlands;Austria;13
Austria;The Netherlands;13
Great Britain;Electorate of Brunswick-Lüneburg;12
Electorate of Brunswick-Lüneburg;Great Britain;12
Austria;Great Britain;11
The Netherlands;Great Britain;11
Great Britain;Austria;11
Great Britain;The Netherlands;11
Landgraviate of Hesse-Kassel;Great Britain;10
Great Britain;Landgraviate of Hesse-Kassel;10
Catholic League (German);Holy Roman Empire;9
Holy Roman Empire;Catholic League (German);9
Hungary;Holy Roman Empire;8
Holy Roman Empire;Hungary;8
The Netherlands;Spain;8
Spain;The Netherlands;8
Portugal;Spain;6
Papal States;Spain;6
Poland;Hungary;6
Iroquois;Great Britain;6
Great Britain;Iroquois;6
Ming dynasty;Joseon;6
Joseon;Ming dynasty;6
Spain;Papal States;6
Hungary;Poland;6
Spain;Portugal;6
Electorate of Brunswick-Lüneburg;Austria;6
Austria;Electorate of Brunswick-Lüneburg;6
France;England;5
Scotland;England;5
England;France;5
Great Britain;British America;5
Great Britain;Province of Quebec (1763–91);5
Holy Roman Empire;Papal States;5
Province of Quebec (1763–91);Great Britain;5
British America;Great Britain;5
Papal States;Holy Roman Empire;5
Poland;Holy Roman Empire;5
The Netherlands;Holy Roman Empire;5
Holy Roman Empire;The Netherlands;5
England;Scotland;5
Holy Roman Empire;Poland;5
Great Britain;Prussia;4
Republic of Venice;Republic of Genoa;4
France;Republic of Venice;4
Papal States;Republic of Venice;4
Republic of Genoa;Republic of Venice;4
France;Scotland;4
Austria;Russia;4
The Netherlands;Scotland;4
Catholic League (German);Spain;4
Denmark;The Netherlands;4
Electorate of Brunswick-Lüneburg;The Netherlands;4
Scotland;The Netherlands;4
Oda Nobunaga;Tokugawa Ieyasu;4
Canton of Uri;Unterwalden;4
Bavaria;Holy Roman Empire;4
England;Holy Roman Empire;4
Scotland;France;4
Duchy of Brunswick-Lüneburg;Great Britain;4
Prussia;Great Britain;4
Loyalist (American Revolution);Great Britain;4
Austria;Kingdom of Sardinia;4
Great Britain;Loyalist (American Revolution);4
Electorate of Brunswick-Lüneburg;Landgraviate of Hesse-Kassel;4
Republic of Venice;Papal States;4
Tokugawa Ieyasu;Oda Nobunaga;4
Crimean Khanate;Ottoman Empire;4
Austria;Prussia;4
Electorate of Saxony;Poland;4
Czech Republic;Poland;4
France;Batavian Republic;4
Prussia;Austria;4
Russia;Austria;4
Unterwalden;Canton of Uri;4
Kingdom of Sardinia;Austria;4
Holy Roman Empire;Bavaria;4
Spain;Catholic League (German);4
Republic of Venice;France;4
Batavian Republic;France;4
Duchy of Brittany;France;4
Electorate of Bavaria;France;4
Holy Roman Empire;England;4
Duchy of Burgundy;England;4
Poland;Electorate of Saxony;4
Landgraviate of Hesse-Kassel;Electorate of Brunswick-Lüneburg;4
France;Electorate of Bavaria;4
The Netherlands;Electorate of Brunswick-Lüneburg;4
Ottoman Empire;Crimean Khanate;4
The Netherlands;Denmark;4
Poland;Czech Republic;4
France;Duchy of Brittany;4
England;Duchy of Burgundy;4
Great Britain;Duchy of Brunswick-Lüneburg;4
The Netherlands;Dutch East India Company;3
Landgraviate of Hesse-Kassel;Duchy of Brunswick-Lüneburg;3
Holy Roman Empire;Czech Republic;3
Hungary;Czech Republic;3
Papal States;Czech Republic;3
Poland;Crimean Khanate;3
Austria;Electorate of Saxony;3
Holy Roman Empire;Electorate of Saxony;3
Portugal;England;3
 House of Blois;France;3
Portugal;Ethiopian Empire;3
Holy Roman Empire;France;3
United States;France;3
Austria;Charles VI, Holy Roman Emperor;3
The Netherlands;Charles VI, Holy Roman Emperor;3
Electorate of Saxony;Austria;3
Charles VI, Holy Roman Emperor;Austria;3
France; House of Blois;3
Ottoman Empire;Adal Sultanate;3
Unterwalden;Canton of Schwyz;3
Canton of Lucerne;Canton of Uri;3
Canton of Schwyz;Canton of Uri;3
Canton of Uri;Canton of Lucerne;3
Unterwalden;Canton of Lucerne;3
Canton of Uri;Canton of Schwyz;3
Lithuania;Poland;3
Moldavia;Poland;3
Papal States;Poland;3
The Netherlands;Portugal;3
Ethiopian Empire;Portugal;3
England;Portugal;3
Adal Sultanate;Ottoman Empire;3
Wallachia;Ottoman Empire;3
Crimean Khanate;Poland;3
United States;Patriot (American Revolution);3
Republic of Genoa;Papal States;3
Poland;Papal States;3
Hungary;Papal States;3
Czech Republic;Papal States;3
Poland;Moldavia;3
Poland;Lithuania;3
Papal States;Hungary;3
Duchy of Brunswick-Lüneburg;Landgraviate of Hesse-Kassel;3
Serbia;Hungary;3
Wallachia;Hungary;3
Hessian (soldier);Great Britain;3
Russia;Great Britain;3
Great Britain;Hessian (soldier);3
Spain;History of Malta under the Order of Saint John;3
Waldeck (state);Great Britain;3
France;Holy Roman Empire;3
Czech Republic;Holy Roman Empire;3
Czech Republic;Hungary;3
Electorate of Saxony;Holy Roman Empire;3
Patriot (American Revolution);United States;3
Thirteen Colonies;United States;3
Great Britain;Waldeck (state);3
Canton of Lucerne;Unterwalden;3
Canton of Schwyz;Unterwalden;3
Hungary;Wallachia;3
United States;Thirteen Colonies;3
France;United States;3
Ottoman Empire;Wallachia;3
Dutch East India Company;The Netherlands;3
Portugal;The Netherlands;3
History of Malta under the Order of Saint John;Spain;3
Charles VI, Holy Roman Emperor;The Netherlands;3
Hungary;Serbia;3
Great Britain;Russia;3
Papal States;Republic of Genoa;3
France;Republic of Genoa;2
Russia;Prussia;2
Spain;Republic of Genoa;2
Knights Hospitaller;Republic of Venice;2
Byzantine Empire;Republic of Venice;2
History of Malta under the Order of Saint John;Republic of Venice;2
Spain;Republic of Venice;2
Nawab of Awadh;Rohilla;2
Prussia;Russia;2
Covenanter;Scotland;2
Poland;Serbia;2
Ottoman Empire;Serbia;2
Ireland;Society of United Irishmen;2
Charles V, Holy Roman Emperor;Spain;2
Czech Republic;Spain;2
Duchy of Savoy;Spain;2
Electorate of Bavaria;Spain;2
Electorate of Saxony;Russia;2
Republic of Genoa;Spain;2
Republic of Venice;Spain;2
Prussia;The Netherlands;2
Tlaxcala (Nahua state);Spain;2
Spain;Tlaxcala (Nahua state);2
Kingdom of Ndongo;The Netherlands;2
1st Canadian Regiment;Thirteen Colonies;2
Moldavia;Wallachia;2
2nd Canadian Regiment;United States;2
Canton of Zug;Unterwalden;2
Old Swiss Confederacy;Unterwalden;2
Moldavia;Hungary;2
Electorate of Saxony;Hungary;2
Croatia;Hungary;2
Charles V, Holy Roman Emperor;Holy Roman Empire;2
Indigenous peoples of the Americas;Great Britain;2
Electorate of Bavaria;Holy Roman Empire;2
Republic of Genoa;France;2
Hesse;Great Britain;2
Charles VI, Holy Roman Emperor;Great Britain;2
Papal States;History of Malta under the Order of Saint John;2
Republic of Genoa;History of Malta under the Order of Saint John;2
Republic of Venice;History of Malta under the Order of Saint John;2
Portugal;Great Britain;2
Principality of Brunswick-Wolfenbüttel;Great Britain;2
Great Britain;Hesse;2
Kingdom of Sardinia;Great Britain;2
Great Britain;Indigenous peoples of the Americas;2
Society of United Irishmen;Ireland;2
Province of Quebec (1763–91);Iroquois;2
Great Britain;Kingdom of Sardinia;2
Electorate of Saxony;Landgraviate of Hesse;2
Duchy of Brunswick-Lüneburg;Landgraviate of Hesse;2
Principality of Brunswick-Wolfenbüttel;Landgraviate of Hesse-Kassel;2
Czech Republic;Lithuania;2
The Netherlands;Kingdom of Ndongo;2
Republic of Venice;Knights Hospitaller;2
France;Jacobitism;2
France;Military history of the Acadians;2
Hungary;Moldavia;2
Ottoman Empire;Moldavia;2
Wallachia;Moldavia;2
Rohilla;Nawab of Awadh;2
History of Malta under the Order of Saint John;Papal States;2
Serbia;Ottoman Empire;2
Moldavia;Ottoman Empire;2
Canton of Lucerne;Old Swiss Confederacy;2
Canton of Uri;Old Swiss Confederacy;2
Duchy of Milan;Old Swiss Confederacy;2
Unterwalden;Old Swiss Confederacy;2
Iroquois;Province of Quebec (1763–91);2
Electorate of Brunswick-Lüneburg;Prussia;2
History of Malta under the Order of Saint John;Republic of Genoa;2
The Netherlands;Prussia;2
Poland;Prussian Confederation;2
Poland;Principality of Transylvania (1570–1711);2
France;Prince-Bishopric of Münster;2
Connecticut Colony;Province of Massachusetts Bay;2
Great Britain;Portugal;2
Austria;Portugal;2
Charles VI, Holy Roman Emperor;Portugal;2
Colonial Brazil;Portugal;2
Principality of Transylvania (1570–1711);Poland;2
Prussian Confederation;Poland;2
Serbia;Poland;2
Great Britain;Principality of Brunswick-Wolfenbüttel;2
Landgraviate of Hesse-Kassel;Principality of Brunswick-Wolfenbüttel;2
Canton of Lucerne;Canton of Schwyz;2
Canton of Zug;Canton of Lucerne;2
Old Swiss Confederacy;Canton of Lucerne;2
Canton of Zug;Canton of Uri;2
Old Swiss Confederacy;Canton of Uri;2
Canton of Lucerne;Canton of Zug;2
Canton of Uri;Canton of Zug;2
Portugal;Austria;2
Republic of Venice;Byzantine Empire;2
France;Brittany;2
Clan Mackintosh;Chattan Confederation;2
England; House of Montfort;2
Electorate of Bavaria;Austria;2
England;Austria;2
Thirteen Colonies;1st Canadian Regiment;2
United States;2nd Canadian Regiment;2
Clan Sutherland;Clan Mackay;2
Clan Maclean;Clan MacNeil;2
Clan MacNeil;Clan Maclean;2
Clan Mackenzie;Clan Munro;2
Province of Massachusetts Bay;Connecticut Colony;2
Great Britain;Charles VI, Holy Roman Emperor;2
Portugal;Charles VI, Holy Roman Emperor;2
Unterwalden;Canton of Zug;2
Holy Roman Empire;Charles V, Holy Roman Emperor;2
Spain;Charles V, Holy Roman Emperor;2
Clan Forbes;Clan Mackintosh;2
Clan Mackintosh;Clan Forbes;2
Jacobitism;France;2
Prince-Bishopric of Münster;France;2
Military history of the Acadians;France;2
Brittany;France;2
Hungary;Electorate of Saxony;2
Landgraviate of Hesse;Electorate of Saxony;2
 House of Montfort;England;2
Russia;Electorate of Saxony;2
Austria;England;2
Duchy of Brunswick-Lüneburg;Electorate of Saxony;2
Austria;Electorate of Bavaria;2
Holy Roman Empire;Electorate of Bavaria;2
Spain;Electorate of Bavaria;2
Duchy of Brunswick-Lüneburg;Electorate of Brunswick-Lüneburg;2
Landgraviate of Hesse;Duchy of Brunswick-Lüneburg;2
Prussia;Electorate of Brunswick-Lüneburg;2
Hungary;Croatia;2
Portugal;Colonial Brazil;2
Clan Munro;Clan Mackenzie;2
Chattan Confederation;Clan Mackintosh;2
Clan Mackay;Clan Sutherland;2
Scotland;Covenanter;2
Canton of Schwyz;Canton of Lucerne;2
Electoral Palatinate;Czech Republic;2
Lithuania;Czech Republic;2
Spain;Czech Republic;2
Spain;Duchy of Savoy;2
Electorate of Brunswick-Lüneburg;Duchy of Brunswick-Lüneburg;2
Electorate of Saxony;Duchy of Brunswick-Lüneburg;2
Czech Republic;Electoral Palatinate;2
Old Swiss Confederacy;Duchy of Milan;2
Papal States;Duchy of Milan;1
Spain;Duchy of Milan;1
Duchy of Castro;Duchy of Parma;1
House of Farnese;Duchy of Parma;1
Odoardo Farnese, Duke of Parma;Duchy of Parma;1
Ranuccio II Farnese, Duke of Parma;Duchy of Parma;1
Austria;Duchy of Savoy;1
Duchy of Burgundy;Duchy of Savoy;1
Duchy of Cleves;Duchy of Savoy;1
Electoral Palatinate;Duchy of Savoy;1
Electorate of Cologne;Duchy of Savoy;1
England;Duchy of Savoy;1
France;Duchy of Savoy;1
Guelders;Duchy of Savoy;1
History of Malta under the Order of Saint John;Duchy of Savoy;1
Holy Roman Empire;Duchy of Savoy;1
Papal States;Duchy of Savoy;1
Prussia;Duchy of Savoy;1
Republic of Genoa;Duchy of Savoy;1
Republic of Venice;Duchy of Savoy;1
France;Duchy of Burgundy;1
Guelders;Duchy of Burgundy;1
United Duchies of Jülich-Cleves-Berg;Duchy of Burgundy;1
Duchy of Parma;Duchy of Castro;1
House of Farnese;Duchy of Castro;1
Odoardo Farnese, Duke of Parma;Duchy of Castro;1
Ranuccio II Farnese, Duke of Parma;Duchy of Castro;1
Duchy of Burgundy;Duchy of Cleves;1
Duchy of Savoy;Duchy of Cleves;1
Electoral Palatinate;Duchy of Cleves;1
Electorate of Cologne;Duchy of Cleves;1
England;Duchy of Cleves;1
Guelders;Duchy of Cleves;1
United Duchies of Jülich-Cleves-Berg;Duchy of Cleves;1

Cossacks, Tatars and other minorities;Duchy of Courland and Semigallia;1
Electorate of Saxony;Duchy of Courland and Semigallia;1
Poland;Duchy of Courland and Semigallia;1
Russia;Duchy of Courland and Semigallia;1
Supported by;Duchy of Courland and Semigallia;1
France;Duchy of Ferrara;1
Duchy of Brittany;Duchy of Gascony;1
Duchy of Burgundy;Duchy of Gascony;1
England;Duchy of Gascony;1
France;Duchy of Gascony;1
Charles V, Holy Roman Emperor;Duchy of Guastalla;1
Holy Roman Empire;Duchy of Guastalla;1
Spain;Duchy of Guastalla;1
Guelders;Duchy of Jülich;1
Holy Roman Empire;Duchy of Milan;1
Duchy of Brunswick-Lüneburg;Electoral Palatinate;1
Duchy of Burgundy;Electoral Palatinate;1
Duchy of Cleves;Electoral Palatinate;1
Duchy of Savoy;Electoral Palatinate;1
Electorate of Cologne;Electoral Palatinate;1
Electorate of Saxony;Electoral Palatinate;1
England;Electoral Palatinate;1
Guelders;Electoral Palatinate;1
Holy Roman Empire;Electoral Palatinate;1
Landgraviate of Hesse;Electoral Palatinate;1
Lübeck;Electoral Palatinate;1
Schmalkaldic League;Electoral Palatinate;1
Spain;Electoral Palatinate;1
United Duchies of Jülich-Cleves-Berg;Electoral Palatinate;1
Hanau;Duchy of Brunswick-Lüneburg;1
Hesse;Duchy of Brunswick-Lüneburg;1
Clan Sutherland;Earl of Sutherland;1
Great Britain;East India Company;1
England;Edward Balliol;1
Bremen;Electoral Palatinate;1
United Duchies of Jülich-Cleves-Berg;Duchy of Savoy;1
Republic of Venice;Duchy of Urbino;1
Gascony;Duke of Aquitaine;1
Majorca;Duke of Aquitaine;1
Spain;Duke of Aquitaine;1
Mughal Empire;Durrani;1
Nawab of Awadh;Durrani;1
Nawabs of Bengal and Murshidabad;Durrani;1
Rohilla;Durrani;1
Nawab of Awadh;Durrani Empire;1
Rohilla;Durrani Empire;1
Dutch East India Company;Dutch Cape Colony;1
The Netherlands;Dutch Cape Colony;1
Dutch Cape Colony;Dutch East India Company;1
Lübeck;Duchy of Brunswick-Lüneburg;1
Principality of Brunswick-Wolfenbüttel;Duchy of Brunswick-Lüneburg;1
Schmalkaldic League;Duchy of Brunswick-Lüneburg;1
Duchy of Brittany;Duchy of Burgundy;1
Duchy of Cleves;Duchy of Burgundy;1
Duchy of Gascony;Duchy of Burgundy;1
Duchy of Savoy;Duchy of Burgundy;1
Electoral Palatinate;Duchy of Burgundy;1
Electorate of Cologne;Duchy of Burgundy;1
State of the Teutonic Order;Czech Republic;1
Teutonic Order;Czech Republic;1
Uprising of Konstantin and Fruzhin;Czech Republic;1
Wallachia;Czech Republic;1
Walloons;Czech Republic;1
Charles I of Hungary;Dalmatia;1
Croatia;Dalmatia;1
Electorate of Saxony;Denmark;1
England;Denmark;1
Kalmar Union;Denmark;1
Lower Saxon Circle;Denmark;1
Poland;Denmark;1
Scotland;Denmark;1
Moldavia;Czech Republic;1
Electorate of Saxony;Czech Republic;1
Scotland;Duchy of Brittany;1
Baden;Duchy of Brunswick-Lüneburg;1
Bremen;Duchy of Brunswick-Lüneburg;1
Electoral Palatinate;Duchy of Brunswick-Lüneburg;1
Principality of Transylvania (1570–1711);Czech Republic;1
Serbia;Czech Republic;1
Silesia;Czech Republic;1
Ottoman Empire;Dhimitër Jonima;1
Principality of Dukagjini;Dhimitër Jonima;1
Serbia;Dhimitër Jonima;1
Wallachia;Dhimitër Jonima;1
Bosnia;District of Branković;1
Serbia;District of Branković;1
Clan MacDonald of Lochalsh;Domhnall Dubh;1
County of Namur;Duchy of Brabant;1
Duchy of Burgundy;Duchy of Brittany;1
Duchy of Gascony;Duchy of Brittany;1
Moldavia;Crimean Khanate;1
Earl of Sutherland;Clan Sutherland;1
Clan Cameron;Clan Mackintosh;1
Clan Campbell;Clan Mackintosh;1
James IV of Scotland;Clan Mackenzie;1
Connecticut Colony;Colony of Rhode Island and Providence Plantations;1
Province of Massachusetts Bay;Colony of Rhode Island and Providence Plantations;1
Province of New Hampshire;Colony of Rhode Island and Providence Plantations;1
Thirteen Colonies;Colony of Rhode Island and Providence Plantations;1
United States;Colony of Rhode Island and Providence Plantations;1
Great Britain;Colony of Virginia;1
Province of North Carolina;Colony of Virginia;1
Lodrisio Visconti;Compagnia di San Giorgio;1
Leinster;Confederate Ireland;1
Scotland;Confederate Ireland;1
Colony of Rhode Island and Providence Plantations;Connecticut Colony;1
Green Mountain Boys;Connecticut Colony;1
Mladen II Šubić of Bribir;Croatia;1
Papal States;Croatia;1
Poland;Croatia;1

Italian allies;Crown of Aragon;1
France;Crown of Aragon;1
Kingdom of Sicily;Crown of Aragon;1
Spain;Crown of Aragon;1
Hungary;Crusades;1
Bavaria;Czech Republic;1
Cossacks;Czech Republic;1
Croatia;Czech Republic;1
Wallachia;Crimean Khanate;1
Zaporozhian Cossacks;Crimean Khanate;1
Austria;Croatia;1
Bavaria;Croatia;1
Charles I of Hungary;Croatia;1
Czech Republic;Croatia;1
Dalmatia;Croatia;1
Holy Roman Empire;Croatia;1
Principality of Brunswick-Wolfenbüttel;Electorate of Brunswick-Lüneburg;1
Principality of Schaumburg-Lippe;Electorate of Brunswick-Lüneburg;1
Swabia;Electorate of Bavaria;1
Hungary;Electorate of Bavaria;1
Poland;Electorate of Bavaria;1
Bavaria;Electorate of Bavaria;1
Electorate of Saxony;Electorate of Bavaria;1
Franconia;Electorate of Bavaria;1
Duchy of Courland and Semigallia;Electorate of Saxony;1
Electoral Palatinate;Electorate of Saxony;1
Electorate of Bavaria;Electorate of Saxony;1
France;Electorate of Saxony;1
Franconia;Electorate of Saxony;1
Bremen;Electorate of Saxony;1
Cossacks;Electorate of Saxony;1
Czech Republic;Electorate of Saxony;1
Denmark;Electorate of Saxony;1
Duchy of Burgundy;Electorate of Cologne;1
Duchy of Cleves;Electorate of Cologne;1
Duchy of Savoy;Electorate of Cologne;1
Electoral Palatinate;Electorate of Cologne;1
England;Electorate of Cologne;1
France;Electorate of Cologne;1
Guelders;Electorate of Cologne;1
Prince-Bishopric of Münster;Electorate of Cologne;1
United Duchies of Jülich-Cleves-Berg;Electorate of Cologne;1
Brittany;England;1
Charles VI, Holy Roman Emperor;England;1
County of Flanders;England;1
Denmark;England;1
Duchy of Cleves;England;1
Duchy of Gascony;England;1
Duchy of Savoy;England;1
Edward Balliol;England;1
Electoral Palatinate;England;1
Electorate of Cologne;England;1
Huguenot;England;1
Johor Sultanate;England;1
Kingdom of Kandy;England;1
Kingdom of Kongo;England;1
Kingdom of Ndongo;England;1
Massachusetts Bay Colony;England;1
Grand Alliance (League of Augsburg);England;1
Guelders;England;1
Hanseatic League;England;1
Schmalkaldic League;Electorate of Saxony;1
Serbia;Electorate of Saxony;1
Spain;Electorate of Saxony;1
Swabia;Electorate of Saxony;1
Sweden;Electorate of Saxony;1
Walloons;Electorate of Saxony;1
Marinid dynasty;Emirate of Granada;1
Spain;Emirate of Granada;1
Cavalier;Engagers;1
 Dutch Rebels;England;1
 States-General;England;1

Nhandui Tarairiu Tribe;England;1
Principality of Transylvania (1570–1711);Electorate of Saxony;1
Prussia;Electorate of Saxony;1
Lübeck;Electorate of Saxony;1
Papal States;Electorate of Saxony;1
Electorate of Cologne;France;1
Electorate of Saxony;France;1
Duchy of Burgundy;France;1
Duchy of Ferrara;France;1
Duchy of Gascony;France;1
Duchy of Savoy;France;1
Bavaria;France;1
Spain;England;1
States General of the Netherlands;England;1
Charles I, Duke of Brittany;France;1
Counts and dukes of Maine;France;1
County of Flanders;France;1
Crown of Aragon;France;1
Gopal_of_Guler;Fateh Shah;1
Hari_Chand_of_Hindur;Fateh Shah;1
Kahlur;Fateh Shah;1
Kesari_Chand;Fateh Shah;1
Kirpal_of_Katoch;Fateh Shah;1
Great Britain;Ferdinand I of the Two Sicilies;1
House of Bourbon;Ferdinand I of the Two Sicilies;1
Kingdom of Sardinia;Ferdinand I of the Two Sicilies;1
Spain;Ferdinand I of the Two Sicilies;1

Italian allies;France;1
Anjou;France;1
Austria;France;1
Tupí people;England;1
United Duchies of Jülich-Cleves-Berg;England;1
Ganja Khanate;Erivan Khanate;1
Qajar dynasty;Erivan Khanate;1
Portugal;Ethiopia;1
Military history of the Mi'kmaq people;France;1
Military_history_of_the_Mi%27kmaq_People;France;1
Mughal Empire;France;1
Papal States;France;1
Principality of Bengal;France;1
Saxe-Weimar;France;1
Kingdom of Sardinia;France;1
Knights Hospitaller;France;1
Majorca;France;1
Hungary;France;1
Ireland;France;1
Wallachia;France;1
Wyandot people;France;1
Electorate of Bavaria;Franconia;1
Electorate of Saxony;Franconia;1
Holy Roman Empire;Franconia;1
Hungary;Franconia;1
Poland;Franconia;1
Swabia;Franconia;1
Spain;Friesland;1
Erivan Khanate;Ganja Khanate;1
Qajar dynasty;Ganja Khanate;1
Duke of Aquitaine;Gascony;1
Majorca;Gascony;1
Spain;Gascony;1
Poland;Gdańsk;1
Safavid dynasty;Georgia (country);1
Republic of Genoa;Giudicato of Arborea;1
Fateh Shah;Gopal_of_Guler;1
Hari_Chand_of_Hindur;Gopal_of_Guler;1
Kahlur;Gopal_of_Guler;1
Kesari_Chand;Gopal_of_Guler;1
Kirpal_of_Katoch;Gopal_of_Guler;1
Austria;Grand Alliance;1
Great Britain;Grand Alliance;1
Prussia;Grand Alliance;1
The Netherlands;Grand Alliance;1
England;Grand Alliance (League of Augsburg);1
Scotland;Grand Alliance (League of Augsburg);1
The Netherlands;Grand Alliance (League of Augsburg);1
26th (Cameronian) Regiment of Foot;Great Britain;1
Clan Maclean;Clan Forbes;1
Clan MacNeil;Clan Forbes;1
Clan Munro;Clan Forbes;1
Clan Murray;Clan Forbes;1
Clan Stewart;Clan Forbes;1
Clan Cameron;Clan Fraser;1
Clan Forbes;Clan Fraser;1
Clan Mackay;Clan Fraser;1
Clan Mackenzie;Clan Fraser;1
Clan Mackintosh;Clan Fraser;1
Clan Munro;Clan Fraser;1
Clan Grant;Clan Fraser of Lovat;1
Clan Brodie;Clan Gordon;1
Clan Cameron;Clan Gordon;1
Clan Cumming;Clan Gordon;1
Clan Hay;Clan Gordon;1
Chattan Confederation;Clan Grant;1
Clan Campbell;Clan Grant;1
Clan Forbes;Clan Grant;1
Clan Fraser of Lovat;Clan Grant;1
Clan MacGillivray;Clan Grant;1
Clan Mackintosh;Clan Grant;1
Clan Maclean;Clan Grant;1
Clan MacNeil;Clan Grant;1
Clan Murray;Clan Grant;1
Clan Stewart;Clan Grant;1
Clan Maxwell;Clan Grierson;1
Clan Pollock;Clan Grierson;1
Clan Cameron;Clan Hay;1
Clan Cumming;Clan Hay;1
Clan Gordon;Clan Hay;1
Clan Cameron;Clan Macdonald of Clanranald;1
Clan MacDonald of Keppoch;Clan Macdonald of Clanranald;1
Clan Macdonald of Sleat;Clan Macdonald of Clanranald;1
Clan MacLeod of Lewis;Clan Macdonald of Clanranald;1
Clan Macdonald of Clanranald;Clan MacDonald of Keppoch;1
Clan Macdonald of Sleat;Clan MacDonald of Keppoch;1
Clan MacLeod of Lewis;Clan MacDonald of Keppoch;1
Domhnall Dubh;Clan MacDonald of Lochalsh;1
Clan Macdonald of Clanranald;Clan Macdonald of Sleat;1
Clan MacDonald of Keppoch;Clan Macdonald of Sleat;1
Clan MacLeod of Lewis;Clan Macdonald of Sleat;1
Chattan Confederation;Clan MacGillivray;1
Clan Campbell;Clan MacGillivray;1
Clan Forbes;Clan MacGillivray;1
Clan Grant;Clan MacGillivray;1
Clan Mackintosh;Clan MacGillivray;1
Clan Maclean;Clan MacGillivray;1
Clan MacNeil;Clan MacGillivray;1
Clan Murray;Clan MacGillivray;1
Clan Stewart;Clan MacGillivray;1
Clan Cameron;Clan Mackay;1
Clan Forbes;Clan Mackay;1
Clan Fraser;Clan Mackay;1
Clan Mackenzie;Clan Mackay;1
Clan Mackintosh;Clan Mackay;1
Clan Munro;Clan Mackay;1
Clan Fraser;Clan Mackintosh;1
Clan Grant;Clan Mackintosh;1
Clan MacGillivray;Clan Mackintosh;1
Clan Mackay;Clan Mackintosh;1
Clan Mackenzie;Clan Mackintosh;1
Clan Maclean;Clan Mackintosh;1
Clan MacNeil;Clan Mackintosh;1
Clan Munro;Clan Mackintosh;1
Clan Murray;Clan Mackintosh;1
Clan Stewart;Clan Mackintosh;1
Chattan Confederation;Clan Maclean;1
Clan Campbell;Clan Maclean;1
Clan Donald;Clan Maclean;1
Clan Forbes;Clan Maclean;1
Clan Grant;Clan Maclean;1
Clan MacGillivray;Clan Maclean;1
Clan Mackintosh;Clan Maclean;1
Clan MacLeod;Clan Maclean;1
Utraquism;Catholic Church;1
England;Charles VI, Holy Roman Emperor;1
Engagers;Cavalier;1
Croatia;Charles I of Hungary;1
Dalmatia;Charles I of Hungary;1
Brittany;Charles I, Duke of Brittany;1
France;Charles I, Duke of Brittany;1
 Arumer Zwarte Hoop;Charles II, Duke of Guelders;1
Duchy of Guastalla;Charles V, Holy Roman Emperor;1
Province of New Hampshire;Connecticut Colony;1
Thirteen Colonies;Connecticut Colony;1
United States;Connecticut Colony;1
Spain;Conquistador;1
Moldavia;Cossack Hetmanate;1
Ottoman Empire;Cossack Hetmanate;1
Russia;Cossack Hetmanate;1
Zaporizhian Sich;Cossack Hetmanate;1
Czech Republic;Cossacks;1
Electorate of Saxony;Cossacks;1
Holy Roman Empire;Cossacks;1
Hungary;Cossacks;1
Papal States;Cossacks;1
Poland;Cossacks;1
Principality of Transylvania (1570–1711);Cossacks;1
Serbia;Cossacks;1
Spain;Cossacks;1
Walloons;Cossacks;1
Japan;Council of Five Elders;1
Anjou;Counts and dukes of Maine;1
Brittany;Counts and dukes of Maine;1
France;Counts and dukes of Maine;1
England;County of Flanders;1
France;County of Flanders;1
Duchy of Brabant;County of Namur;1
Clan Mackintosh;Clan Munro;1
James IV of Scotland;Clan Munro;1
Chattan Confederation;Clan Murray;1
Clan Campbell;Clan Murray;1
Clan Forbes;Clan Murray;1
Clan Grant;Clan Murray;1
Clan MacGillivray;Clan Murray;1
Clan Mackintosh;Clan Murray;1
Clan Maclean;Clan Murray;1
Clan MacNeil;Clan Murray;1
Clan Stewart;Clan Murray;1
Clan Grierson;Clan Pollock;1
Clan Maxwell;Clan Pollock;1
Chattan Confederation;Clan Stewart;1
Clan Campbell;Clan Stewart;1
Clan Forbes;Clan Stewart;1
Clan Grant;Clan Stewart;1
Clan MacGillivray;Clan Stewart;1
Clan Mackintosh;Clan Stewart;1
Clan Maclean;Clan Stewart;1
Clan MacNeil;Clan Stewart;1
Clan Murray;Clan Stewart;1
Clan Murray;Clan Maclean;1
Clan Stewart;Clan Maclean;1
Clan Donald;Clan MacLeod;1
Clan Maclean;Clan MacLeod;1
Clan MacNeil;Clan MacLeod;1
Clan Macdonald of Clanranald;Clan MacLeod of Lewis;1
Clan MacDonald of Keppoch;Clan MacLeod of Lewis;1
Clan Macdonald of Sleat;Clan MacLeod of Lewis;1
Chattan Confederation;Clan MacNeil;1
Clan Campbell;Clan MacNeil;1
Clan Donald;Clan MacNeil;1
Clan Forbes;Clan MacNeil;1
Clan Grant;Clan MacNeil;1
Clan MacGillivray;Clan MacNeil;1
Clan Mackintosh;Clan MacNeil;1
Clan MacLeod;Clan MacNeil;1
Clan Murray;Clan MacNeil;1
Clan Stewart;Clan MacNeil;1
Clan Grierson;Clan Maxwell;1
Clan Pollock;Clan Maxwell;1
Clan Cameron;Clan Munro;1
Clan Forbes;Clan Munro;1
Clan Fraser;Clan Munro;1
Clan Mackay;Clan Munro;1
Clan Cameron;Clan Mackenzie;1
Clan Forbes;Clan Mackenzie;1
Clan Fraser;Clan Mackenzie;1
Clan Mackay;Clan Mackenzie;1
Clan Mackintosh;Clan Mackenzie;1
Clan Campbell;Chattan Confederation;1
Clan Forbes;Chattan Confederation;1
Clan Grant;Chattan Confederation;1
Clan MacGillivray;Chattan Confederation;1
Robert Stewart, Duke of Albany;Aberdonian Gentry (Lowland clans);1
Johor;Aceh Sultanate;1
The Netherlands;Aceh Sultanate;1
Great Britain;26th (Cameronian) Regiment of Foot;1
Charles II, Duke of Guelders; Arumer Zwarte Hoop;1
England; Dutch Rebels;1
France;Austria;1
Grand Alliance;Austria;1
Croatia;Austria;1
Duchy of Savoy;Austria;1
Hungary;Bavaria;1
Papal States;Bavaria;1
Poland;Bavaria;1
The Netherlands;Bergenhus Fortress;1
Republic of Florence;Bologna;1
District of Branković;Bosnia;1
Serbia;Bosnia;1
Ottoman Empire;Bosnia Eyalet;1
Duchy of Brunswick-Lüneburg;Bremen;1
Electoral Palatinate;Bremen;1
Electorate of Saxony;Bremen;1
Landgraviate of Hesse;Bremen;1
Lübeck;Bremen;1
Schmalkaldic League;Bremen;1
Maximilian III, Archduke of Austria;Austria;1
Hungary;Austria;1
John VI Kantakouzenos;Aydınids;1
Asakura Yoshikage;Azai Nagamasa;1
Duchy of Brunswick-Lüneburg;Baden;1
England; States-General;1
Kingdom of Naples;
and Angevin lands;1
Ashikaga shogunate;
and others;1
Kantō kubō;
and others;1
Uesugi clan;
and others;1
MacNamara;
Clann Ó hEithir;1
O'Brien dynasty;
Clann Ó hEithir;1
O'Dea;
Clann Ó hEithir;1
Duchy of Courland and Semigallia;
Cossacks, Tatars and other minorities;1
Poland;
Cossacks, Tatars and other minorities;1
Supported by;
Cossacks, Tatars and other minorities;1
The Netherlands;
German mercenaries;1
Supported by;
German, Scottish and Dutch mercenaries;1
Sweden;
German, Scottish and Dutch mercenaries;1
Crown of Aragon;
Italian allies;1
France;
Italian allies;1
Spain;
Italian allies;1
England;
Nhandui Tarairiu Tribe;1
Johor Sultanate;
Nhandui Tarairiu Tribe;1
Kingdom of Kandy;
Nhandui Tarairiu Tribe;1
Kingdom of Kongo;
Nhandui Tarairiu Tribe;1
Kingdom of Ndongo;
Nhandui Tarairiu Tribe;1
The Netherlands;
Nhandui Tarairiu Tribe;1
Tupí people;
Nhandui Tarairiu Tribe;1
Lithuania;
Tokhtamysh forces;1
Republic of Venice;Albanians;1
Clan Donald;Alexander of Islay, Earl of Ross;1
Brittany;Anjou;1
Counts and dukes of Maine;Anjou;1
France;Anjou;1
Portugal;António, Prior of Crato;1
Navajo people;Apache;1
History of Cologne;Army of the Holy Roman Empire;1
Holy Roman Empire;Army of the Holy Roman Empire;1
Azai Nagamasa;Asakura Yoshikage;1

and others;Ashikaga shogunate;1
Kantō kubō;Ashikaga shogunate;1
Uesugi clan;Ashikaga shogunate;1
March of Montferrat;Asti;1
Pavia;Asti;1
Clan Maclean;Chattan Confederation;1
Clan MacNeil;Chattan Confederation;1
Clan Murray;Chattan Confederation;1
Clan Stewart;Chattan Confederation;1
Clan Gordon;Clan Brodie;1
Clan Cumming;Clan Cameron;1
Clan Forbes;Clan Cameron;1
Clan Fraser;Clan Cameron;1
Clan Gordon;Clan Cameron;1
Clan Hay;Clan Cameron;1
Clan Macdonald of Clanranald;Clan Cameron;1
Clan Mackay;Clan Cameron;1
Clan Mackenzie;Clan Cameron;1
Clan Mackintosh;Clan Cameron;1
Clan Munro;Clan Cameron;1
Chattan Confederation;Clan Campbell;1
Clan Forbes;Clan Campbell;1
Clan Grant;Clan Campbell;1
Clan MacGillivray;Clan Campbell;1
Clan Mackintosh;Clan Campbell;1
Clan Maclean;Clan Campbell;1
Clan MacNeil;Clan Campbell;1
Clan Murray;Clan Campbell;1
Clan Stewart;Clan Campbell;1
Clan Cameron;Clan Cumming;1
Clan Gordon;Clan Cumming;1
Clan Hay;Clan Cumming;1
Alexander of Islay, Earl of Ross;Clan Donald;1
Clan Maclean;Clan Donald;1
Clan MacLeod;Clan Donald;1
Clan MacNeil;Clan Donald;1
Chattan Confederation;Clan Forbes;1
Clan Cameron;Clan Forbes;1
Clan Campbell;Clan Forbes;1
Clan Fraser;Clan Forbes;1
Clan Grant;Clan Forbes;1
Clan MacGillivray;Clan Forbes;1
Clan Mackay;Clan Forbes;1
Clan Mackenzie;Clan Forbes;1
Kingdom of Sicily;Byzantine Empire;1
Papal States;Byzantine Empire;1
Republic of Genoa;Byzantine Empire;1
Croatia;Bavaria;1
Czech Republic;Bavaria;1
Electorate of Bavaria;Bavaria;1
France;Bavaria;1
Anjou;Brittany;1
Charles I, Duke of Brittany;Brittany;1
Counts and dukes of Maine;Brittany;1
England;Brittany;1
Old Swiss Confederacy;Canton of Zug;1
Canton of Schwyz;Canton of Zug;1
Wyandot people;Canada;1
Thirteen Colonies;Canadian Militia;1
Canton of Zug;Canton of Schwyz;1
Old Swiss Confederacy;Canton of Schwyz;1
Principality of Schaumburg-Lippe;Principality of Brunswick-Wolfenbüttel;1
Dhimitër Jonima;Principality of Dukagjini;1
Ottoman Empire;Principality of Dukagjini;1
Serbia;Principality of Dukagjini;1
Wallachia;Principality of Dukagjini;1
Principality of Beloozero;Principality of Murom;1
Principality of Polotsk;Principality of Murom;1
Principality of Smolensk;Principality of Murom;1
Principality of Suzdal—Nizhny Novgorod;Principality of Murom;1
Principality of Tver;Principality of Murom;1
Principality of Yaroslavl;Principality of Murom;1
Rostov;Principality of Murom;1
Russia;Principality of Murom;1
Principality of Beloozero;Principality of Polotsk;1
Principality of Murom;Principality of Polotsk;1
Principality of Smolensk;Principality of Polotsk;1
Principality of Suzdal—Nizhny Novgorod;Principality of Polotsk;1
Principality of Tver;Principality of Polotsk;1
Principality of Yaroslavl;Principality of Polotsk;1
Rostov;Principality of Polotsk;1
Russia;Principality of Polotsk;1
Electorate of Brunswick-Lüneburg;Principality of Schaumburg-Lippe;1
Great Britain;Principality of Schaumburg-Lippe;1
Landgraviate of Hesse-Kassel;Principality of Schaumburg-Lippe;1
Principality of Brunswick-Wolfenbüttel;Principality of Schaumburg-Lippe;1
Principality of Beloozero;Principality of Smolensk;1
Principality of Murom;Principality of Smolensk;1
Principality of Polotsk;Principality of Smolensk;1
Principality of Suzdal—Nizhny Novgorod;Principality of Smolensk;1
Principality of Tver;Principality of Smolensk;1
Principality of Yaroslavl;Principality of Smolensk;1
Rostov;Principality of Smolensk;1
Russia;Principality of Smolensk;1
Principality of Beloozero;Principality of Suzdal—Nizhny Novgorod;1
Principality of Murom;Principality of Suzdal—Nizhny Novgorod;1
Principality of Polotsk;Principality of Suzdal—Nizhny Novgorod;1
Principality of Smolensk;Principality of Suzdal—Nizhny Novgorod;1
Principality of Tver;Principality of Suzdal—Nizhny Novgorod;1
Principality of Yaroslavl;Principality of Suzdal—Nizhny Novgorod;1
Rostov;Principality of Suzdal—Nizhny Novgorod;1
Russia;Principality of Suzdal—Nizhny Novgorod;1
Cossacks;Principality of Transylvania (1570–1711);1
Czech Republic;Principality of Transylvania (1570–1711);1
Electorate of Saxony;Principality of Transylvania (1570–1711);1
Holy Roman Empire;Principality of Transylvania (1570–1711);1
Hungary;Principality of Transylvania (1570–1711);1
Papal States;Principality of Transylvania (1570–1711);1
Sigismund III Vasa;Poland;1
Spain;Poland;1
State of the Teutonic Order;Poland;1
Supported by;Poland;1
Swabia;Poland;1
Uprising of Konstantin and Fruzhin;Poland;1
Wallachia;Poland;1
Walloons;Poland;1
Pope Urban VIII;Pope Innocent X;1
Pope Innocent X;Pope Urban VIII;1
António, Prior of Crato;Portugal;1
Registered Cossacks;Poland;1
Denmark;Poland;1
Duchy of Courland and Semigallia;Poland;1
Electorate of Bavaria;Poland;1
Franconia;Poland;1
Gdańsk;Poland;1
Kingdom of Cochin;Potiguara people;1
Portugal;Potiguara people;1
Spain;Potiguara people;1
Electorate of Cologne;Prince-Bishopric of Münster;1
Holy Roman Empire;Portugal;1
Iberian Union;Portugal;1
Kingdom of Cochin;Portugal;1
Moors;Portugal;1
Papal States;Portugal;1
Potiguara people;Portugal;1
Green Mountain Boys;Province of Massachusetts Bay;1
Province of New Hampshire;Province of Massachusetts Bay;1
Thirteen Colonies;Province of Massachusetts Bay;1
United States;Province of Massachusetts Bay;1
Colony of Rhode Island and Providence Plantations;Province of New Hampshire;1
Connecticut Colony;Province of New Hampshire;1
Province of Massachusetts Bay;Province of New Hampshire;1
Thirteen Colonies;Province of New Hampshire;1
United States;Province of New Hampshire;1
Colony of Virginia;Province of North Carolina;1
White Company;Province of Padua;1
Principality of Murom;Principality of Beloozero;1
Principality of Polotsk;Principality of Beloozero;1
Principality of Smolensk;Principality of Beloozero;1
Principality of Suzdal—Nizhny Novgorod;Principality of Beloozero;1
Principality of Tver;Principality of Beloozero;1
Principality of Yaroslavl;Principality of Beloozero;1
Rostov;Principality of Beloozero;1
Russia;Principality of Beloozero;1
France;Principality of Bengal;1
Mughal Empire;Principality of Bengal;1
Duchy of Brunswick-Lüneburg;Principality of Brunswick-Wolfenbüttel;1
Electorate of Brunswick-Lüneburg;Principality of Brunswick-Wolfenbüttel;1
Serbia;Principality of Transylvania (1570–1711);1
Spain;Principality of Transylvania (1570–1711);1
Walloons;Principality of Transylvania (1570–1711);1
Principality of Beloozero;Principality of Tver;1
Principality of Murom;Principality of Tver;1
Principality of Polotsk;Principality of Tver;1
Principality of Smolensk;Principality of Tver;1
Principality of Suzdal—Nizhny Novgorod;Principality of Tver;1
Principality of Yaroslavl;Principality of Tver;1
Rostov;Principality of Tver;1
Russia;Principality of Tver;1
Principality of Beloozero;Principality of Yaroslavl;1
Principality of Murom;Principality of Yaroslavl;1
Principality of Polotsk;Principality of Yaroslavl;1
Principality of Smolensk;Principality of Yaroslavl;1
Principality of Suzdal—Nizhny Novgorod;Principality of Yaroslavl;1
Principality of Tver;Principality of Yaroslavl;1
Rostov;Principality of Yaroslavl;1
Russia;Principality of Yaroslavl;1
Sweden;Protestant Union;1
Sweden;Protestantism;1
Province of South Carolina;Province of Georgia;1
Colony of Rhode Island and Providence Plantations;Province of Massachusetts Bay;1
Matsudaira clan;Pure Land Buddhism;1
Erivan Khanate;Qajar dynasty;1
Ganja Khanate;Qajar dynasty;1
Russia;Qasim Khanate;1
Taw yağı;Qasim Khanate;1
Duchy of Castro;Ranuccio II Farnese, Duke of Parma;1
Duchy of Parma;Ranuccio II Farnese, Duke of Parma;1
House of Farnese;Ranuccio II Farnese, Duke of Parma;1
Odoardo Farnese, Duke of Parma;Ranuccio II Farnese, Duke of Parma;1
Poland;Registered Cossacks;1
Bologna;Republic of Florence;1
Italic League;Republic of Florence;1
Kingdom of Naples;Republic of Florence;1
Milan;Republic of Florence;1
Papal States;Republic of Florence;1
Republic of Siena;Republic of Florence;1
Republic of Venice;Republic of Florence;1
Byzantine Empire;Republic of Genoa;1
Duchy of Savoy;Republic of Genoa;1
Holy League (1538);Republic of Genoa;1
Holy Roman Empire;Republic of Genoa;1
Hordes of the Jochid Ulus;Republic of Genoa;1
Hungary;Republic of Genoa;1
Kingdom of Sicily;Republic of Genoa;1
Knights Hospitaller;Republic of Genoa;1
Majorca;Republic of Genoa;1
Electorate of Saxony;Prussia;1
Grand Alliance;Prussia;1
Duchy of Savoy;Prussia;1
Province of Georgia;Province of South Carolina;1
Ethiopia;Portugal;1
United States;Oneida people;1
Lorraine (duchy);Old Swiss Confederacy;1
Lorraine (region);Old Swiss Confederacy;1
Canton of Zug;Old Swiss Confederacy;1
Canton of Schwyz;Old Swiss Confederacy;1

Clann Ó hEithir;O'Dea;1
MacNamara;O'Dea;1
O'Brien dynasty;O'Dea;1
Duchy of Castro;Odoardo Farnese, Duke of Parma;1
Duchy of Parma;Odoardo Farnese, Duke of Parma;1
House of Farnese;Odoardo Farnese, Duke of Parma;1
Ranuccio II Farnese, Duke of Parma;Odoardo Farnese, Duke of Parma;1
It%C5%8D_family;Ogasawara_family;1
Late Hōjō clan;Ogasawara_family;1
Native Americans in the United States;Ohio Country;1
Principality of Dukagjini;Ottoman Empire;1
Republic of Ragusa;Ottoman Empire;1
Republic of Venice;Ottoman Empire;1
Saadi dynasty;Ottoman Empire;1
Dhimitër Jonima;Ottoman Empire;1
Great Britain;Ottoman Empire;1
Gujarat Sultanate;Ottoman Empire;1
Kuruc;Ottoman Empire;1
Mamluk;Ottoman Empire;1
Mamluk Sultanate (Cairo);Ottoman Empire;1
Supported by;Ottoman Empire;1
Bosnia Eyalet;Ottoman Empire;1
Cossack Hetmanate;Ottoman Empire;1
Zamorin of Calicut;Ottoman Empire;1
Zaporizhian Sich;Ottoman Empire;1
Bavaria;Papal States;1
Byzantine Empire;Papal States;1
Cossacks;Papal States;1
Croatia;Papal States;1
Holy League (1538);Papal States;1
Portugal;Papal States;1
Principality of Transylvania (1570–1711);Papal States;1
Republic of Florence;Papal States;1
Duchy of Milan;Papal States;1
Duchy of Savoy;Papal States;1
Electorate of Saxony;Papal States;1
France;Papal States;1
Italic League;Papal States;1
Kingdom of Sicily;Papal States;1
Lithuania;Papal States;1
Moldavia;Papal States;1
Moors;Papal States;1
Asti;Pavia;1
March of Montferrat;Pavia;1
Mohegan people;Pequot people;1
New England Confederation;Pequot people;1
Scotland;Percy Faction;1
Sikh;Pir (Sufism);1
Udasi;Pir (Sufism);1
Spain;Pizarro brothers;1

Cossacks, Tatars and other minorities;Poland;1
Bavaria;Poland;1
Cossacks;Poland;1
Croatia;Poland;1
Serbia;Papal States;1
State of the Teutonic Order;Papal States;1
Uprising of Konstantin and Fruzhin;Papal States;1
Wallachia;Papal States;1
Walloons;Papal States;1
Militia;Patriot (American Revolution);1
North Carolina;Patriot (American Revolution);1
Durrani;Nawabs of Bengal and Murshidabad;1
Mughal Empire;Nawabs of Bengal and Murshidabad;1
Nawab of Awadh;Nawabs of Bengal and Murshidabad;1
Rohilla;Nawabs of Bengal and Murshidabad;1
Great Britain;New England;1
Mohegan people;New England Confederation;1
Pequot people;New England Confederation;1
Roundhead;New Model Army;1
Great Britain;Nipissing First Nation;1
Iroquois;Nipissing First Nation;1
Loyalist (American Revolution);Nipissing First Nation;1
Khanate of Kazan;Nogais;1
Mari people;Nogais;1
Patriot (American Revolution);North Carolina;1
United States;North Carolina;1

Clann Ó hEithir;O'Brien dynasty;1
MacNamara;O'Brien dynasty;1
O'Dea;O'Brien dynasty;1
Toyotomi Hideyoshi;Oda clan;1
Tokugawa Ieyasu;Oda Nobukatsu;1
Holy Roman Empire;Moors;1
Papal States;Moors;1
Portugal;Moors;1
Spain;Moors;1
Ikkō-ikki;Mōri clan;1
Saika Ikki;Mōri clan;1
Durrani;Mughal Empire;1
France;Mughal Empire;1
Nawab of Awadh;Mughal Empire;1
Nawabs of Bengal and Murshidabad;Mughal Empire;1
Principality of Bengal;Mughal Empire;1
Rohilla;Mughal Empire;1
Ohio Country;Native Americans in the United States;1
Apache;Navajo people;1
Durrani;Nawab of Awadh;1
Durrani Empire;Nawab of Awadh;1
Mughal Empire;Nawab of Awadh;1
Nawabs of Bengal and Murshidabad;Nawab of Awadh;1
Papal States;Moldavia;1
Lithuania;Moldavia;1
Russia;Moldavia;1
State of the Teutonic Order;Moldavia;1
Uprising of Konstantin and Fruzhin;Moldavia;1
Shawnee;Mingo;1
Croatia;Mladen II Šubić of Bribir;1
New England Confederation;Mohegan people;1
Pequot people;Mohegan people;1
Cossack Hetmanate;Moldavia;1
Crimean Khanate;Moldavia;1
Czech Republic;Moldavia;1
Military history of the Mi'kmaq people;Military history of the Acadians;1
Military_history_of_the_Mi%27kmaq_People;Military history of the Acadians;1
France;Military history of the Mi'kmaq people;1
Military history of the Acadians;Military history of the Mi'kmaq people;1
France;Military_history_of_the_Mi%27kmaq_People;1
Military history of the Acadians;Military_history_of_the_Mi%27kmaq_People;1
Patriot (American Revolution);Militia;1
United States;Militia;1
State of the Teutonic Order;Lithuania;1
Uprising of Konstantin and Fruzhin;Lithuania;1
Wallachia;Lithuania;1
Compagnia di San Giorgio;Lodrisio Visconti;1
Knights Hospitaller;Lordship of Chios;1
Lorraine (region);Lorraine (duchy);1
Old Swiss Confederacy;Lorraine (duchy);1
Lorraine (duchy);Lorraine (region);1
Old Swiss Confederacy;Lorraine (region);1
Denmark;Lower Saxon Circle;1
Spain;Jacobitism;1
Clan Mackenzie;James IV of Scotland;1
Clan Munro;James IV of Scotland;1
Council of Five Elders;Japan;1
Aydınids;John VI Kantakouzenos;1
Aceh Sultanate;Johor;1
The Netherlands;Johor;1

Nhandui Tarairiu Tribe;Johor Sultanate;1
England;Johor Sultanate;1
Kingdom of Kandy;Johor Sultanate;1
Kingdom of Kongo;Johor Sultanate;1
Kingdom of Ndongo;Johor Sultanate;1
The Netherlands;Johor Sultanate;1
Tupí people;Johor Sultanate;1
Second Bulgarian Empire;Knights Hospitaller;1
Wallachia;Knights Hospitaller;1
Taiwanese aborigines;Koxinga;1
Ottoman Empire;Kuruc;1
Bremen;Landgraviate of Hesse;1
Tupí people;Kingdom of Ndongo;1
Loyalist (American Revolution);Iroquois;1
Nipissing First Nation;Iroquois;1
Hungary;Lithuania;1
Moldavia;Lithuania;1
Papal States;Lithuania;1
Principality of Schaumburg-Lippe;Landgraviate of Hesse-Kassel;1
It%C5%8D_family;Late Hōjō clan;1
Ogasawara_family;Late Hōjō clan;1
Confederate Ireland;Leinster;1

Tokhtamysh forces;Lithuania;1
Electoral Palatinate;Landgraviate of Hesse;1
Ferdinand I of the Two Sicilies;Kingdom of Sardinia;1
France;Kingdom of Sardinia;1
Lübeck;Landgraviate of Hesse;1
Schmalkaldic League;Landgraviate of Hesse;1
Iroquois;Loyalist (American Revolution);1
Nipissing First Nation;Loyalist (American Revolution);1
Bremen;Lübeck;1
Duchy of Brunswick-Lüneburg;Lübeck;1
Electoral Palatinate;Lübeck;1
Electorate of Saxony;Lübeck;1
Landgraviate of Hesse;Lübeck;1
Schmalkaldic League;Lübeck;1

Clann Ó hEithir;MacNamara;1
O'Brien dynasty;MacNamara;1
O'Dea;MacNamara;1
Duke of Aquitaine;Majorca;1
France;Majorca;1
Gascony;Majorca;1
Republic of Genoa;Majorca;1
Spain;Majorca;1
History of Malta under the Order of Saint John;Maltese people;1
Spain;Maltese people;1
Ottoman Empire;Mamluk;1
Gujarat Sultanate;Mamluk Sultanate (Cairo);1
Ottoman Empire;Mamluk Sultanate (Cairo);1
Republic of Ragusa;Mamluk Sultanate (Cairo);1
Republic of Venice;Mamluk Sultanate (Cairo);1
Supported by;Mamluk Sultanate (Cairo);1
Zamorin of Calicut;Mamluk Sultanate (Cairo);1
Asti;March of Montferrat;1
Pavia;March of Montferrat;1
Sweden;Margraviate of Brandenburg;1
Khanate of Kazan;Mari people;1
Nogais;Mari people;1
Emirate of Granada;Marinid dynasty;1
England;Massachusetts Bay Colony;1
Pure Land Buddhism;Matsudaira clan;1
Austria;Maximilian III, Archduke of Austria;1
Wabanaki Confederacy;Mi'kmaq;1
Republic of Florence;Milan;1
Republic of Siena;Milan;1
House of Bourbon;Kingdom of Sardinia;1
Spain;Kingdom of Sardinia;1
Byzantine Empire;Kingdom of Sicily;1
Crown of Aragon;Kingdom of Sicily;1
Papal States;Kingdom of Sicily;1
Republic of Genoa;Kingdom of Sicily;1
Republic of Venice;Kingdom of Sicily;1
Fateh Shah;Kirpal_of_Katoch;1
Gopal_of_Guler;Kirpal_of_Katoch;1
Hari_Chand_of_Hindur;Kirpal_of_Katoch;1
Kahlur;Kirpal_of_Katoch;1
Kesari_Chand;Kirpal_of_Katoch;1
France;Knights Hospitaller;1
Holy Roman Empire;Knights Hospitaller;1
Hungary;Knights Hospitaller;1
Lordship of Chios;Knights Hospitaller;1
Republic of Genoa;Knights Hospitaller;1
Late Hōjō clan;It%C5%8D_family;1
Ogasawara_family;It%C5%8D_family;1
Papal States;Italic League;1
Republic of Florence;Italic League;1
Republic of Venice;Italic League;1
Scotland;Irish expedition to Scotland;1
France;Ireland;1
Walloons;Hungary;1
Portugal;Iberian Union;1
Spain;Iberian Union;1
Mōri clan;Ikkō-ikki;1
Saika Ikki;Ikkō-ikki;1
Spain;Indian auxiliaries;1
Spain;Hungary;1
State of the Teutonic Order;Hungary;1
Swabia;Hungary;1
Uprising of Konstantin and Fruzhin;Hungary;1
Vlachs;Hungary;1
Fateh Shah;Kahlur;1
Gopal_of_Guler;Kahlur;1
Hari_Chand_of_Hindur;Kahlur;1
Kesari_Chand;Kahlur;1
Kirpal_of_Katoch;Kahlur;1
Denmark;Kalmar Union;1

and others;Kantō kubō;1
Ashikaga shogunate;Kantō kubō;1
Uesugi clan;Kantō kubō;1
Fateh Shah;Kesari_Chand;1
Gopal_of_Guler;Kesari_Chand;1
Hari_Chand_of_Hindur;Kesari_Chand;1
Kahlur;Kesari_Chand;1
Kirpal_of_Katoch;Kesari_Chand;1
Mari people;Khanate of Kazan;1
Nogais;Khanate of Kazan;1
Portugal;Kingdom of Cochin;1
Potiguara people;Kingdom of Cochin;1
Spain;Kingdom of Cochin;1
Holy Roman Empire;Kingdom of Croatia (Habsburg);1
Hungary;Kingdom of Croatia (Habsburg);1
Shirvanshah;Kingdom of Georgia;1
Kingdom of Kartli-Kakheti;Kingdom of Imereti;1

Nhandui Tarairiu Tribe;Kingdom of Kandy;1
England;Kingdom of Kandy;1
Johor Sultanate;Kingdom of Kandy;1
Kingdom of Kongo;Kingdom of Kandy;1
Kingdom of Ndongo;Kingdom of Kandy;1
The Netherlands;Kingdom of Kandy;1
Tupí people;Kingdom of Kandy;1
Safavid dynasty;Kingdom of Kartli;1
Kingdom of Imereti;Kingdom of Kartli-Kakheti;1

Nhandui Tarairiu Tribe;Kingdom of Kongo;1
England;Kingdom of Kongo;1
Johor Sultanate;Kingdom of Kongo;1
Kingdom of Kandy;Kingdom of Kongo;1
Kingdom of Ndongo;Kingdom of Kongo;1
The Netherlands;Kingdom of Kongo;1
Tupí people;Kingdom of Kongo;1
The Netherlands;Kingdom of Mysore;1

and Angevin lands;Kingdom of Naples;1
Republic of Florence;Kingdom of Naples;1

Nhandui Tarairiu Tribe;Kingdom of Ndongo;1
England;Kingdom of Ndongo;1
Johor Sultanate;Kingdom of Ndongo;1
Kingdom of Kandy;Kingdom of Ndongo;1
Kingdom of Kongo;Kingdom of Ndongo;1
House of Bourbon;Great Britain;1
New England;Great Britain;1
Nipissing First Nation;Great Britain;1
Ottoman Empire;Great Britain;1
Hanau;Hesse;1
Principality of Schaumburg-Lippe;Great Britain;1
Spain;Great Britain;1
Sovereign Military Order of Malta;History of Malta under the Order of Saint John;1
Army of the Holy Roman Empire;History of Cologne;1
Duchy of Savoy;History of Malta under the Order of Saint John;1
Holy League (1538);History of Malta under the Order of Saint John;1
Maltese people;History of Malta under the Order of Saint John;1
History of Malta under the Order of Saint John;Holy League (1538);1
Papal States;Holy League (1538);1
Republic of Genoa;Holy League (1538);1
Republic of Venice;Holy League (1538);1
Spain;Holy League (1538);1
Holy Roman Empire;Holy League (1684);1
Hungary;Holy League (1684);1
Army of the Holy Roman Empire;Holy Roman Empire;1
Colony of Virginia;Great Britain;1
Second Bulgarian Empire;France;1
Society of United Irishmen;France;1
Sweden;France;1
East India Company;Great Britain;1
Ferdinand I of the Two Sicilies;Great Britain;1
Grand Alliance;Great Britain;1
Hanau;Great Britain;1
Western Confederacy;Great Britain;1
Timurid dynasty;Greater Khorasan;1
Russia;Greeks;1
Connecticut Colony;Green Mountain Boys;1
Province of Massachusetts Bay;Green Mountain Boys;1
Duchy of Burgundy;Guelders;1
Duchy of Cleves;Guelders;1
Duchy of Jülich;Guelders;1
Duchy of Savoy;Guelders;1
Electoral Palatinate;Guelders;1
Electorate of Cologne;Guelders;1
England;Guelders;1
United Duchies of Jülich-Cleves-Berg;Guelders;1
Mamluk Sultanate (Cairo);Gujarat Sultanate;1
Ottoman Empire;Gujarat Sultanate;1
Republic of Ragusa;Gujarat Sultanate;1
Republic of Venice;Gujarat Sultanate;1
Supported by;Gujarat Sultanate;1
Zamorin of Calicut;Gujarat Sultanate;1
Duchy of Brunswick-Lüneburg;Hanau;1
Great Britain;Hanau;1
Hesse;Hanau;1
England;Hanseatic League;1
Fateh Shah;Hari_Chand_of_Hindur;1
Gopal_of_Guler;Hari_Chand_of_Hindur;1
Kahlur;Hari_Chand_of_Hindur;1
Kesari_Chand;Hari_Chand_of_Hindur;1
Kirpal_of_Katoch;Hari_Chand_of_Hindur;1
Duchy of Brunswick-Lüneburg;Hesse;1
Franconia;Holy Roman Empire;1
Holy League (1684);Holy Roman Empire;1
Cossacks;Holy Roman Empire;1
Croatia;Holy Roman Empire;1
Duchy of Guastalla;Holy Roman Empire;1
Duchy of Milan;Holy Roman Empire;1
Duchy of Savoy;Holy Roman Empire;1
Electoral Palatinate;Holy Roman Empire;1
Wallachia;Holy Roman Empire;1
Walloons;Holy Roman Empire;1
Republic of Genoa;Hordes of the Jochid Ulus;1
Ferdinand I of the Two Sicilies;House of Bourbon;1
Great Britain;House of Bourbon;1
Kingdom of Sardinia;House of Bourbon;1
Spain;House of Bourbon;1
Duchy of Castro;House of Farnese;1
Duchy of Parma;House of Farnese;1
Odoardo Farnese, Duke of Parma;House of Farnese;1
Ranuccio II Farnese, Duke of Parma;House of Farnese;1
Tudor dynasty;House of Lancaster;1
Spain;House of Stuart;1
England;Huguenot;1
The Netherlands;Huguenot;1
Austria;Hungary;1
Bavaria;Hungary;1
Cossacks;Hungary;1
Crusades;Hungary;1
Swabia;Holy Roman Empire;1
Kingdom of Croatia (Habsburg);Holy Roman Empire;1
Knights Hospitaller;Holy Roman Empire;1
Moors;Holy Roman Empire;1
Portugal;Holy Roman Empire;1
Principality of Transylvania (1570–1711);Holy Roman Empire;1
Prussia;Holy Roman Empire;1
Republic of Genoa;Holy Roman Empire;1
Republic of Venice;Holy Roman Empire;1
Scotland;Holy Roman Empire;1
Second Bulgarian Empire;Holy Roman Empire;1
Serbia;Holy Roman Empire;1
France;Hungary;1
Franconia;Hungary;1
Holy League (1684);Hungary;1
Kingdom of Croatia (Habsburg);Hungary;1
Knights Hospitaller;Hungary;1
Lithuania;Hungary;1
Electorate of Bavaria;Hungary;1
Principality of Transylvania (1570–1711);Hungary;1
Republic of Genoa;Hungary;1
Republic of Venice;Hungary;1
Second Bulgarian Empire;Hungary;1
Czech Republic;Uprising of Konstantin and Fruzhin;1
Hungary;Uprising of Konstantin and Fruzhin;1
Lithuania;Uprising of Konstantin and Fruzhin;1
Moldavia;Uprising of Konstantin and Fruzhin;1
Papal States;Uprising of Konstantin and Fruzhin;1
Poland;Uprising of Konstantin and Fruzhin;1
State of the Teutonic Order;Uprising of Konstantin and Fruzhin;1
Wallachia;Uprising of Konstantin and Fruzhin;1
Catholic Church;Utraquism;1
United States;Vermont Republic;1
Hungary;Vlachs;1
Mi'kmaq;Wabanaki Confederacy;1
Colony of Rhode Island and Providence Plantations;United States;1
Connecticut Colony;United States;1
Vermont Republic;United States;1
Province of Massachusetts Bay;United States;1
Province of New Hampshire;United States;1
Spain;United States;1
Knights Hospitaller;Wallachia;1
Lithuania;Wallachia;1
Crimean Khanate;Wallachia;1
Czech Republic;Wallachia;1
Dhimitër Jonima;Wallachia;1
France;Wallachia;1
Holy Roman Empire;Wallachia;1
Canadian Militia;Thirteen Colonies;1
Colony of Rhode Island and Providence Plantations;Thirteen Colonies;1
Connecticut Colony;Thirteen Colonies;1
Province of Massachusetts Bay;Thirteen Colonies;1
Province of New Hampshire;Thirteen Colonies;1
Tupí people;The Netherlands;1
Williamite;The Netherlands;1
Oda Nobukatsu;Tokugawa Ieyasu;1
Greater Khorasan;Timurid dynasty;1
Samarkand;Timurid dynasty;1
Militia;United States;1
North Carolina;United States;1
Oneida people;United States;1
Oda clan;Toyotomi Hideyoshi;1
House of Lancaster;Tudor dynasty;1

Nhandui Tarairiu Tribe;Tupí people;1
England;Tupí people;1
Johor Sultanate;Tupí people;1
Kingdom of Kandy;Tupí people;1
Kingdom of Kongo;Tupí people;1
Kingdom of Ndongo;Tupí people;1
The Netherlands;Tupí people;1
Pir (Sufism);Udasi;1
Sikh;Udasi;1

and others;Uesugi clan;1
Ashikaga shogunate;Uesugi clan;1
Kantō kubō;Uesugi clan;1
Duchy of Burgundy;United Duchies of Jülich-Cleves-Berg;1
Duchy of Cleves;United Duchies of Jülich-Cleves-Berg;1
Duchy of Savoy;United Duchies of Jülich-Cleves-Berg;1
Electoral Palatinate;United Duchies of Jülich-Cleves-Berg;1
Electorate of Cologne;United Duchies of Jülich-Cleves-Berg;1
England;United Duchies of Jülich-Cleves-Berg;1
Guelders;United Duchies of Jülich-Cleves-Berg;1
Papal States;Wallachia;1
Poland;Wallachia;1
Principality of Dukagjini;Wallachia;1
Republic of Genoa;Wallachia;1
Republic of Venice;Wallachia;1
Second Bulgarian Empire;Wallachia;1
Serbia;Wallachia;1
State of the Teutonic Order;Wallachia;1
Uprising of Konstantin and Fruzhin;Wallachia;1
Cossacks;Walloons;1
Czech Republic;Walloons;1
Electorate of Saxony;Walloons;1
Holy Roman Empire;Walloons;1
Hungary;Walloons;1
Papal States;Walloons;1
Poland;Walloons;1
Principality of Transylvania (1570–1711);Walloons;1
Serbia;Walloons;1
Spain;Walloons;1
Great Britain;Western Confederacy;1
Province of Padua;White Company;1
The Netherlands;Williamite;1
Canada;Wyandot people;1
France;Wyandot people;1
Gujarat Sultanate;Zamorin of Calicut;1
Mamluk Sultanate (Cairo);Zamorin of Calicut;1
Ottoman Empire;Zamorin of Calicut;1
Republic of Ragusa;Zamorin of Calicut;1
Republic of Venice;Zamorin of Calicut;1
Supported by;Zamorin of Calicut;1
Cossack Hetmanate;Zaporizhian Sich;1
Ottoman Empire;Zaporizhian Sich;1
Crimean Khanate;Zaporozhian Cossacks;1
Russia;Zaporozhian Cossacks;1
United States;Spain;1
Walloons;Spain;1
Czech Republic;State of the Teutonic Order;1
Hungary;State of the Teutonic Order;1
Lithuania;State of the Teutonic Order;1
Moldavia;State of the Teutonic Order;1
Papal States;State of the Teutonic Order;1
Poland;State of the Teutonic Order;1
Uprising of Konstantin and Fruzhin;State of the Teutonic Order;1
Wallachia;State of the Teutonic Order;1
England;States General of the Netherlands;1
Serbia;Stephen Uroš IV Dušan of Serbia;1
Sweden;Sture;1

Cossacks, Tatars and other minorities;Supported by;1

German, Scottish and Dutch mercenaries;Supported by;1
Duchy of Courland and Semigallia;Supported by;1
Gujarat Sultanate;Supported by;1
Mamluk Sultanate (Cairo);Supported by;1
Ottoman Empire;Supported by;1
Poland;Supported by;1
Republic of Ragusa;Supported by;1
Republic of Venice;Supported by;1
Sweden;Supported by;1
Zamorin of Calicut;Supported by;1
Electorate of Bavaria;Swabia;1
Electorate of Saxony;Swabia;1
Franconia;Swabia;1
Holy Roman Empire;Swabia;1
Hungary;Swabia;1
Poland;Swabia;1

German, Scottish and Dutch mercenaries;Sweden;1
Electorate of Saxony;Sweden;1
France;Sweden;1
Margraviate of Brandenburg;Sweden;1
Protestant Union;Sweden;1
Protestantism;Sweden;1
Prussia;Sweden;1
Russia;Sweden;1
Sture;Sweden;1
Supported by;Sweden;1
Sirotci;Taborite;1
Koxinga;Taiwanese aborigines;1
Qasim Khanate;Taw yağı;1
Russia;Taw yağı;1
Czech Republic;Teutonic Order;1
Silesia;Teutonic Order;1

German mercenaries;The Netherlands;1

Nhandui Tarairiu Tribe;The Netherlands;1
Aceh Sultanate;The Netherlands;1
Grand Alliance;The Netherlands;1
Grand Alliance (League of Augsburg);The Netherlands;1
Dutch Cape Colony;The Netherlands;1
Huguenot;The Netherlands;1
Johor;The Netherlands;1
Johor Sultanate;The Netherlands;1
Kingdom of Kandy;The Netherlands;1
Kingdom of Kongo;The Netherlands;1
Kingdom of Mysore;The Netherlands;1
Serbia;Spain;1
Potiguara people;Spain;1
Principality of Transylvania (1570–1711);Spain;1
Bergenhus Fortress;The Netherlands;1
Holy League (1538);Spain;1
Pizarro brothers;Spain;1
Poland;Spain;1
Friesland;Spain;1
Gascony;Spain;1
Great Britain;Spain;1
Electorate of Saxony;Spain;1
Emirate of Granada;Spain;1
England;Spain;1
Ferdinand I of the Two Sicilies;Spain;1
Duke of Aquitaine;Spain;1
Electoral Palatinate;Spain;1
Duchy of Guastalla;Spain;1
Duchy of Milan;Spain;1
House of Bourbon;Spain;1
House of Stuart;Spain;1
Hungary;Spain;1
Iberian Union;Spain;1
Indian auxiliaries;Spain;1
Jacobitism;Spain;1
Kingdom of Cochin;Spain;1
Kingdom of Sardinia;Spain;1
Majorca;Spain;1
Maltese people;Spain;1
Moors;Spain;1
Conquistador;Spain;1
Cossacks;Spain;1
Crown of Aragon;Spain;1
History of Malta under the Order of Saint John;Sovereign Military Order of Malta;1

Italian allies;Spain;1
Papal States;Serbia;1
France;Second Bulgarian Empire;1
Holy Roman Empire;Second Bulgarian Empire;1
Hungary;Second Bulgarian Empire;1
Knights Hospitaller;Second Bulgarian Empire;1
Republic of Genoa;Second Bulgarian Empire;1
Republic of Venice;Second Bulgarian Empire;1
Wallachia;Second Bulgarian Empire;1
Bosnia;Serbia;1
Cossacks;Serbia;1
Czech Republic;Serbia;1
Dhimitër Jonima;Serbia;1
District of Branković;Serbia;1
Electorate of Saxony;Serbia;1
Holy Roman Empire;Serbia;1
Principality of Dukagjini;Serbia;1
Principality of Transylvania (1570–1711);Serbia;1
Republic of Ragusa;Serbia;1
Spain;Serbia;1
Stephen Uroš IV Dušan of Serbia;Serbia;1
Wallachia;Serbia;1
Walloons;Serbia;1
Mingo;Shawnee;1
Kingdom of Georgia;Shirvanshah;1
Poland;Sigismund III Vasa;1
Pir (Sufism);Sikh;1
Udasi;Sikh;1
Czech Republic;Silesia;1
Teutonic Order;Silesia;1
Taborite;Sirotci;1
France;Society of United Irishmen;1
Denmark;Scotland;1
Duchy of Brittany;Scotland;1
Cossack Hetmanate;Russia;1
Duchy of Courland and Semigallia;Russia;1
Grand Alliance (League of Augsburg);Scotland;1
Holy Roman Empire;Scotland;1
Irish expedition to Scotland;Scotland;1
Percy Faction;Scotland;1
Roundhead;Scotland;1
Greeks;Russia;1
Moldavia;Russia;1
Principality of Beloozero;Russia;1
Principality of Murom;Russia;1
Principality of Polotsk;Russia;1
Principality of Smolensk;Russia;1
Principality of Suzdal—Nizhny Novgorod;Russia;1
Principality of Tver;Russia;1
Principality of Yaroslavl;Russia;1
Qasim Khanate;Russia;1
Rostov;Russia;1
Sweden;Russia;1
Taw yağı;Russia;1
Zaporozhian Cossacks;Russia;1
Ottoman Empire;Saadi dynasty;1
Georgia (country);Safavid dynasty;1
Kingdom of Kartli;Safavid dynasty;1
Ikkō-ikki;Saika Ikki;1
Mōri clan;Saika Ikki;1
Timurid dynasty;Samarkand;1
France;Saxe-Weimar;1
Bremen;Schmalkaldic League;1
Duchy of Brunswick-Lüneburg;Schmalkaldic League;1
Electoral Palatinate;Schmalkaldic League;1
Electorate of Saxony;Schmalkaldic League;1
Landgraviate of Hesse;Schmalkaldic League;1
Lübeck;Schmalkaldic League;1
Confederate Ireland;Scotland;1
Nawabs of Bengal and Murshidabad;Rohilla;1
Principality of Beloozero;Rostov;1
Principality of Murom;Rostov;1
Principality of Polotsk;Rostov;1
Principality of Smolensk;Rostov;1
Principality of Suzdal—Nizhny Novgorod;Rostov;1
Principality of Tver;Rostov;1
Principality of Yaroslavl;Rostov;1
Russia;Rostov;1
New Model Army;Roundhead;1
Scotland;Roundhead;1
Supported by;Republic of Venice;1
Wallachia;Republic of Venice;1
Zamorin of Calicut;Republic of Venice;1
Aberdonian Gentry (Lowland clans);Robert Stewart, Duke of Albany;1
Durrani;Rohilla;1
Durrani Empire;Rohilla;1
Mughal Empire;Rohilla;1
Holy League (1538);Republic of Venice;1
Holy Roman Empire;Republic of Venice;1
Hungary;Republic of Venice;1
Italic League;Republic of Venice;1
Kingdom of Sicily;Republic of Venice;1
Duchy of Savoy;Republic of Venice;1
Duchy of Urbino;Republic of Venice;1
Second Bulgarian Empire;Republic of Genoa;1
Mamluk Sultanate (Cairo);Republic of Venice;1
Ottoman Empire;Republic of Venice;1
Gujarat Sultanate;Republic of Venice;1
Republic of Ragusa;Republic of Venice;1
Second Bulgarian Empire;Republic of Venice;1
Republic of Florence;Republic of Venice;1
Wallachia;Republic of Genoa;1
Gujarat Sultanate;Republic of Ragusa;1
Mamluk Sultanate (Cairo);Republic of Ragusa;1
Ottoman Empire;Republic of Ragusa;1
Republic of Venice;Republic of Ragusa;1
Serbia;Republic of Ragusa;1
Supported by;Republic of Ragusa;1
Zamorin of Calicut;Republic of Ragusa;1
Milan;Republic of Siena;1
Republic of Florence;Republic of Siena;1
Albanians;Republic of Venice;1
Sweden;Prussia;1
Holy Roman Empire;Prussia;1
Giudicato of Arborea;Republic of Genoa;1
