1;1;8000;;;;;;;;;100;;
2;1;10500;;;;;;;;;1000;;
3;2;;;;;2000;;;;;;;
4;2;;;;;5000;;;;;;;
5;4;;;;;30;;;;;;;
6;4;;;;;;;;;;;;
1;5;;;;;15000;;;;;;;
2;5;;;;;7200;;;;;;;
5;6;;;;;4500;;4000;;;;;
6;6;;;;;3000;;;;;600;;
5;7;;;;;600;;;;;;low;
6;7;;;;;3000;;;;;;;
7;8;4000;2000;;;;;;;;;;
8;8;36000;8400;;;;;;;;;very heavy;
9;9;;;;;;;;;;;;
10;9;;;;;;;;;;;;
5;10;;;;;7500;;2000;;;;;
6;10;;;;;18000;;7700;;;;;
11;11;;;;;;;;;;;;
12;11;;;;;;;;;;;;
13;12;;;;;1500;;;;;;;
14;12;5500;2500;;;;;1500;;;;;
15;13;500;500;;;;;;;;;;
16;13;;;;;700;;1200;;;;;
17;14;;;;;;;;;;;;
18;14;;;;;;;;;;;;
19;15;;;;;;;3000;;;;;
20;15;;;;;11000;;;;;;;
20;16;;;;;;;450;;;;;
21;16;;;;;;;80;;;;;
22;16;;;;;;;80;;;;;
23;16;;;;;;;80;;;;;
5;17;;;;;2000;;110;;;;;
20;17;;;;;20000;;;;;;light;
24;18;;;;31;;;;;;;;
25;18;;;;31;;;;;;;;
26;18;;;;28;;;;;;;;22
27;19;;;;;;;;;;;;
28;19;;;;;;;;;;;;
29;20;;;;;;;;;;;;
30;20;3000;;;;;;;;;;;
31;21;4000;;;;;;;;;;;
32;21;1000;;;;;;;;;;;
33;22;1800;;;;;;;;;;;
34;22;1400;;;;;;;;;1000;;
35;23;5000;2000;;;;;;;;;;
36;23;30000;2000;;;;;;;;;;1
37;24;;;;;15000;;;;;10000;;
38;24;;;;;;;17;;;;;
3;25;2000;;;;;;;;;;;
4;25;;;;;8000;;;;;;;
20;26;;;;;;;3500;;;;;
39;26;;;;;;;;;;;;
40;27;;;;;30000;;;;;;very heavy;
41;27;;;;;10000;;;;;;light;
42;29;;;;;10000;;7000;;;;;
43;29;;;;;2500;;33;;;;;
44;30;;;;;5000;;1700;;;;;
45;30;;;;;7000;;2600;;;;;
5;31;;;;;13000;;;;;;very heavy;
6;31;;;;;9000;;;;;;;
46;32;;;;;50000;;;;;;;
47;32;;;;;25000;;;;;;;
1;33;;;;;;;;;;;very heavy;
6;33;;;;;3500;;;;;;light;
48;34;;;;;;;;;;;;
49;34;;;;;;;;;;;;
6;35;;;;5;;;1000;;;;;
38;35;;;;48;;;;;;900;;
50;36;;;;;;;;;;4500;;
51;36;;;;;;;;;;4500;;
52;36;;;;;;;;;;2300;;
2;37;;;;200;;;18000;;;;;
6;37;;;;135;;;;;;;;
1;38;13500;;;;;;8000;;;;;
2;38;;;;;3000;;;;;;;
6;38;13500;;;;;;8000;;;;;
53;39;;;;;;;;;;;;
54;39;;;;;;;;;;;;
55;39;;;;;;;;;;;;
56;39;;;;;;;;;;;;
57;40;;;;;7000;;;;;;;
58;40;;;;;7000;;;;;;;
59;40;;;;;;small;;;;;heavy;
60;41;;;;260;;;;;;;light;
61;41;;;;14;;;;;;11;;11
2;42;;;;;;;;;;;;
6;42;;;;;;;;;;;;
62;43;;;;;1500;;;;;;;
2;44;;;;;7000;;;;;;heavy;
6;44;;;;;1500;;;;;;light;
63;45;;;;;;;;;;;;
64;45;;;;;;;;;;;;
65;45;;;;;;;;;;;;
66;45;;;;;;;;;;;;
67;45;;;;;;;;;;;;
68;46;5000;300;;;;;;;;;heavy;
69;46;;;;;20000;;;;;;;
70;47;;;;;;;;;;;;
71;47;;;;;;;;;;;;
57;48;;;;;1000;;;;;;heavy;
59;48;;;;;180;;;;;;very light;
2;49;1500;;;;;;5000;;;;;
6;49;;;;;12000;;;;;;light;
2;50;;;;;3500;;2000;;;;;
6;50;;;;;5000;;;;;;light;
2;51;;;;;30000;;2000;;;;;
6;51;;;;;10500;;200;;;;;
15;51;;;;;30000;;2000;;;;;
61;51;;;;;30000;;2000;;;;;
72;51;;;;;10500;;200;;;;;
5;52;;;;;12000;;1000;;;;;
6;52;;;;;6500;;;;;;;
2;53;7500;;;;;;;;;;;
6;53;34000;;;;;;;;;;;
73;54;;;;;1000;;;;;;;
74;54;;;;;4500;;;;;;;
2;55;;;;;1500;;;;;;;
75;55;;;;;500;;;;;;;
6;57;;;;50;;;;;;;;2
53;57;;;;40;;;;;20;;;20
6;58;30;;;;;;9;;;;;
38;58;30;;;;;;6;;;;;
76;60;;;;;;;;;;700;;
77;60;;;;;;;;;;;light;
2;63;11000;;;;;;2500;;2000;;;
6;63;6000;;;;;;;;;;;
78;63;6000;;;;;;;;;;;
79;64;;;;;2000;;;;;;light;
80;64;;;;;4500;;;;;;very heavy;
81;65;;;;;2000;;300;;;;;
82;65;;;;;2000;;1700;;;;;
81;66;;;;;;;;;;;;
83;66;;;;;;;;;;;;
38;68;;;;;2250;;;;;;;
78;68;;;;;2250;;;;;;;
84;68;;;;;2250;;;;;;;
85;68;6000;;;;;;;;;;;
11;69;;;;;5000;;2000;;;;;
12;69;15000;;;;;;;;;;;
60;70;;;;;3500;;;;;;light;
86;70;;;;;3500;;;;;;light;
86;70;;;;;4000;;1000;;;;;
3;71;;;;;;;;;;;;
4;71;;;;;;;;;;;;
2;72;56000;4000;;;;;7000;;;;;
6;72;28000;;;;;;200;;;;;
75;72;28000;;;;;;200;;;;;
87;72;28000;;;;;;200;;;;;
88;72;56000;4000;;;;;7000;;;;;
2;73;;;;;;;;;;;;
88;73;;;;;15000;;;;;;;
88;73;;;;;;;;;;;;
89;75;1600;;;;;;;;;;;
90;75;2500;;;;;;;;;;;
91;75;2500;;;;;;;;;;;
4;76;800;;;;;;;;;;light;
62;76;;;;;50000;;;;;;heavy;
6;77;;;;30;;;;;8400;;;48
88;77;;;;30;;;;;;;light;
12;79;;;;;;;;;;;;
52;79;;;;;;;;;;;;
92;79;;;;;;;;;;;;
93;79;;;;;;;;;;;;
94;80;;;;;;;;;;;;
95;80;;;;;;;;;;;;
4;81;;;;;;;;;;;;
96;81;;;;;;;;;;;;
61;82;;;;;125000;;;;;;very heavy;
97;82;;;;;55000;;20000;;;;;
98;83;;;;;;;;;;;;
99;83;;;;;;;;;;;;
1;84;;;;;16000;;;;;;;
2;84;;;;;16000;;;;;;;
100;84;;;;;14000;;;;;;;
54;85;1100;300;;;;;;;;;none;
88;85;3000;2000;;;;;;;;;heavy;
20;86;;;;;;;;;;;;
101;86;;;;;;;;;;;;
54;87;;;;;300;;;;;;;
88;87;;;;;600;;400;;;;;
54;88;6500;;;;;;;;;1000;;
88;88;6500;;;;;;10000;;;;;
102;89;;;;;3000;;68;160;204;;;
103;89;;;;;2600;;36;150;;;;
4;90;;;;;;;;;;;;
104;90;;;;;;;;;;;;
14;91;2500;1500;;;;;1500;;;;;
105;91;;;;;1400;;200;;;;;
4;92;;;;;18000;;13000;;;;;
106;92;;;;;30000;;;;;;light;
107;93;;;;;14000;;800;700;4000;;;
108;93;8100;500;;;;;;;;;light;
5;94;;;;;2900;;500;;;;;
6;94;;;;;3200;;;;;1500;;
4;95;;;;;18000;;;;;;;
109;95;;;;;7000;;;;;;;
4;96;;;;;33500;;;;;;;
106;96;;;;;18000;;;;;;;
20;97;;;;;;;;;;;;
110;97;;;;;;;;;;;;
4;98;;;;;;;;;;;heavy;
41;98;;;;;;;;;;;heavy;
111;99;;;;;30;;;;;;;
112;99;;;;;30;;;;;;;
24;100;;;;;14000;;;;;;very heavy;
38;100;;;;;14000;;;;;;very heavy;
40;100;;;;;14000;;;;;;very heavy;
41;100;;;;;14000;;;;;;very heavy;
61;100;;;;;14000;;;;;;very heavy;
72;100;;;;;14000;;;;;;very heavy;
106;100;;;;;14000;;;;;;heavy;
113;100;;;;;14000;;;;;;very heavy;
114;100;;;;;14000;;;;;;very heavy;
115;102;;;;;90000;;;;;;;
116;102;;;;;38000;;;;;;heavy;
117;102;;;;;38000;;;;;;heavy;
118;103;;;;;350;;;;;;;
119;103;;;;;1500;;200;;;;;
36;104;;;;;;;;;;;;
120;104;;;;;;;;;;;;
60;105;;;;;2000;;600;;;;;
121;105;;;;;1500;;200;;;;;
4;106;6000;;;;;;50000;;;;;
41;106;6000;;;;;;50000;;;;;
122;106;;;;;;;;;;20000;;
123;106;6000;;;;;;50000;;;;;
124;106;6000;;;;;;50000;;;;;
125;106;6000;;;;;;50000;;;;;
5;107;;;;;400;;;;;;very heavy;
6;107;;;;;200;;;;;;light;
5;108;;;;;10000;;;;;;very heavy;
6;108;;;;;17500;;;;;;light;
6;109;;;;;14000;;3000;;;;;
126;109;;;;;14000;;2000;;;;;
60;110;;;;;;;;;;;light;
121;110;;;;;;;1500;;;;;
127;112;;;;;;;;;;;;
128;112;;;;;;;;;;;;
129;112;;;;;;;;;;;very heavy;
5;113;;;;;;small;;;;;very heavy;
130;113;;;;;;small;;;;;light;
131;113;;;;;;small;;;;;very heavy;
61;114;;;;;;;;;;;;
132;114;;;;;;;;;;;;
133;114;;;;;;;;;;;;
134;114;;;;;;;;;;;;
135;115;;;;;;;;;;;;
136;115;;1000;;;;;;;;;;
116;116;;;;;30000;;4500;8000;;;;
137;116;;;;;25000;;8300;;14000;;;
45;117;4000;;;;;;900;;400;;;
138;117;2000;;;;;;;;;;light;
139;117;4000;;;;;;900;;400;;;
140;117;4000;;;;;;900;;400;;;
141;118;;;;;;;600;;;;;
142;118;;;;;;;600;;;;;
143;118;;;;;10000;;900;;;;;
144;119;;;;;;;;;;;;
145;119;;;;;2000;;;;;;;
146;119;;;;;2000;;;;;;;
2;120;8800;1200;;;24000;;9000;;1500;;;
6;120;7500;;;;;;112;;;;;
54;121;;;;;45000;;8;;;;;
55;121;;;;;;;;;;;;
6;122;;;;;;;;;;;;
38;122;;;;;;;;;;;;
6;123;;;;;;;;;;;;
83;123;;;;;;;;;;;;
88;123;;;;;;;;;;;;
147;124;400;;;;;;;;;;heavy;
148;124;;2000;;;;;;;;;heavy;
40;125;;;;;100000;;300;;;;;
72;125;;;;;100000;;300;;;;;
147;125;;;;;12000;;;;;;;
147;126;;;;;12000;;;;;;;
148;126;;;;;18000;;1000;;;;;
2;127;;;;;5000;;;;;;light;
5;127;;;;;5000;;;;;;light;
6;127;;;;;4000;;1000;;500;;;
72;128;;75000;;;;;6000;;;;;
149;128;12000;;;;;;;;;;;
150;128;;75000;;;;;6000;;;;;
147;130;400;;;;;;;;;;;
148;130;;2250;;;;;500;;;;;
13;131;2500;;;;;;500;;300;;;
105;131;2500;;;;;;500;;300;;;
120;131;11000;5000;;;;;1000;;;;;
151;131;2500;;;;;;500;;300;;;
152;131;2500;;;;;;500;;300;;;
153;131;2500;;;;;;500;;300;;;
6;132;;;;;20000;;;;;;heavy;
38;132;;;;;;;;;;;heavy;
154;133;3000;;120;;;;;;;;;
155;133;;3000;;;;;;;;;;
2;134;;;;;8000;;;;;;;
5;134;;;;;8000;;;;;;;
6;134;;;;;4000;;1600;;;;;
84;134;;;;;4000;;1600;;;;;
156;134;;;;;8000;;;;;;;
2;135;;;;;15000;;8000;;;;;
5;135;;;;;15000;;8000;;;;;
6;135;;;;;9000;;;;;;;
84;135;;;;;9000;;;;;;;
3;136;;;;;;;;;;5000;;
4;136;;;;;;;;;;;;
113;136;;;;;;;;;;5000;;
86;137;;;;;6000;;500;;;;;
157;137;;;;;6000;;500;;;;;
158;137;;;;;6000;;500;;;;;
159;137;160000;;;;;;1200;;30;;;
12;138;3000;9000;;;;;;;;;;
120;138;4000;4000;;;;;;;;;;
160;139;5200;;;;;;3000;;200;;;
161;139;;;;;4000;;;;;;;
60;140;;;;;;;;;;;;
162;140;;;;;;;;;;;;
149;141;;;500;;24000;;;;;;;
163;141;70000;;;;;;4000;;;;;
2;143;;;;;9400;;2000;;;;;
5;143;;;;;9400;;2000;;;;;
6;143;;;;;5000;;4000;;;;;
2;144;;;;;3000;;;;;;light;
6;144;;;;;5000;;;;;;heavy;
2;145;;;;;6500;;;;;;light;
6;145;;;;;;;;;;;heavy;
2;146;;;;;;;;;;;;
6;146;;;;;;;;;;;;
2;147;;;;;1500;;100;;;;;
6;147;;;;;5000;;;;;2500;;
2;148;;;;;;;;;;;;
6;148;;;;;;;;;;;heavy;
84;148;;;;;;;;;;;heavy;
113;150;;;;137;;;2500;;8000;;;
120;150;;;;;;;;;;;;
72;151;;;;;110000;;1500;;;;;
149;151;;;;;40000;;;;;;;
164;152;;;;;;;;;;;;
165;152;;;;;;;;;;;;
166;152;;;;;;;;;;;;
12;153;2000;4000;;;;;;;400;;;
93;153;;;;;;;;;600;;;
167;154;;;;;10700;;1300;;;;;
168;154;;;;;13000;;;;;;;
2;155;;;;;1200;;;;;;;
6;155;;;;;3000;;;;;;;
120;156;2400;;;16;;;90;;;;;
133;156;6000;;;25;;;600;;100;;;13
5;157;;;;;2500;;;;;;light;
6;157;;;;;4000;;1500;;;;;
12;159;;;;;;;;;;;light;
92;159;;;;;;;;;;;light;
113;159;;;;;;;;;;;light;
120;159;;;;;;;;;;;light;
4;160;;;;;;;;;;;;
125;160;;;;;;;;;;;heavy;
169;160;;;;;;;;;;;heavy;
4;162;;;;;;;;;;;;
125;162;;;;;;;;;;;;
170;162;;;;;;;;;;;;
4;163;15000;;;;60000;;20000;;;;;
41;163;;;;;28000;;15000;;;;;
92;163;;;;;28000;;15000;;;;;
116;163;;;;;28000;;15000;;;;;
137;163;;;;;28000;;15000;;;;;
170;163;;;;;28000;;15000;;;;;
171;163;;;;;28000;;15000;;;;;
172;163;;;;;28000;;15000;;;;;
173;164;;;;;;;;;;;;
174;164;;;;;;;;;;;;
175;165;;;;;;;;;;;;
175;165;;;;;;;;;;;;
4;166;;;;;50000;;;;;;;
40;166;;;;;27000;;17000;;;;;
41;166;;;;;27000;;17000;;;;;
176;167;;;;;30000;;;;;500;;
177;167;5000;1000;;;;;;;;4000;;
136;168;;;;;500000;;;;;;;
178;168;;;;;20000;;;;;;;
2;169;;;;;3100;;;;;1000;;
6;169;;;;;7000;;3500;;900;;;
156;169;;;;;;;;;;1000;;
2;170;;;;;8500;;;;;100;;
6;170;;;;;8000;;;;;4000;;
3;171;;;;26;12000;;4000;;30000;;;
4;171;;;70;90;150000;;;;;;heavy;
45;172;6000;9000;;;;;100;;;;;
138;172;3000;16000;;;;;3000;;300;;;
179;172;3000;16000;;;;;3000;;300;;;
4;173;;;;;;;;;;;;
125;173;;;;;;;;;;;;
4;174;;;;;32000;;;;;;;
40;174;;;;;;;;;;;;
125;174;;;;;;;;;;;;
180;175;;;;;200;;;;;;;
181;175;;;;;200;;;;;;;
182;176;;;;;5000;;60;;;;;
183;176;;;;;2000;;100;;;;;
4;177;;;;;65000;;13000;;;;;200
40;177;60000;;;200;;;;;;;;
184;177;60000;;;200;;;;;;;;
182;179;;;;;5000;;1000;;;;;
183;179;;;;;10000;;2000;;;;;
182;180;;;;;;;;;;;;
183;180;;;;;;;;;;;;
182;181;;;;;800;;;;;;;
183;181;;;;;;;;;;;;
182;182;;;;;;;;;;;;
183;182;;;;;;;300;;;;;
182;183;;;;;6000;;1000;;;;;
183;183;;;;;18000;;200;;;;;
182;184;;;;;;;;;;;;
183;184;;;;;;;;;;;;
182;185;;;;;10000;;4000;;;;;
183;185;;;;;15000;;2000;;;;;
182;186;;;;;;;3000;;;;;
183;186;;;;;;;;;;;;
182;187;;;;;26000;;28000;;;;;
183;187;;;;;32500;;;;;;;
4;188;90000;;;;;;15000;;;;;
41;188;;;;;30000;;5000;;;;;
45;189;;;;;2700;;1000;;50;;;
138;189;;;;;2000;;250;;;;;
45;190;;;;44;1500;;;;550;;;
179;190;;;;30;500;;;;;;light;
182;191;;;;;6000;;;;;;;
183;191;;;;;5000;;;;;;;
182;192;;;;;3500;;;;;;;
183;192;;;;;;;;;;;;
12;193;;;;;13000;;;;;;;
113;193;;;;;14000;;;;;;;
40;194;20000;;500;;;;7000;;;;;
171;194;;;;;12000;;7000;;;;;
84;195;;;;;25000;;800;;;;;
185;195;;;;;;;4000;;;;;
182;196;;;;;;;;;;;;
183;196;;;;;;;;;;;;
115;197;;;;;;;;;;;heavy;
171;197;;;;;;;;;;;;
4;198;;;;;;;;;;;;
113;198;;;;;;;;;;;;
182;199;;;;;;;;;;;;
183;199;;;;;30000;;;;;;;
182;200;;;;;12000;;500;;;;;
183;200;;;;;20000;;1000;;;;;
182;201;;;;;3500;;;;;;;
183;201;;;;;6000;;2000;;;;;
81;202;6000;;;;;;1370;;630;;;
186;202;8700;1300;;;;;;;;;;
4;203;;;;;;;;;;;;
187;203;;;;;;;;;;;heavy;
6;204;;;;;;;;;;;;
188;204;;;;;;;;;;;;
189;204;;;;;;;;;;;;
190;204;;;;;;;;;;;;
191;204;;;;;;;;;;;;
192;204;;;;;;;;;;;;
4;206;;;;;50000;;14000;;;;;
113;206;;;;;50000;;3000;;;;;
4;207;;;;;157000;;;;;;;
40;207;47000;20;;;;;;;;;;
170;207;47000;20;;;;;;;;;;
171;207;47000;20;;;;;;;;;;
54;209;5000;3500;;;;;;;;1000;;
133;209;5000;3500;;;;;;;;;;
84;210;;;;;20000;;1000;;;;;
105;210;;;;;18000;;100;;;;;
84;211;;;;;15000;;8000;;;;;
105;211;;;;;25000;;;;;;;
4;212;;;;;100000;;;;;;heavy;
171;212;;;;;50000;;;;;;heavy;
84;213;;;;;3000;;;;;;;
193;213;;;;;22000;;;;;;;
4;214;14500;;;;;;13000;;;;;
40;214;;;;;13500;;3000;;;;;
41;214;14500;;;;;;13000;;;;;
4;215;85000;;;130;;;9000;15000;;;;
24;215;4000;;;;;;;;;;heavy;
129;216;;;;;;;;;;;;
165;216;;;;;;;;;;;;
194;216;;;;;;;;;;;;
195;216;;;;;;;;;;;;
196;216;;;;;;;;;;;;
197;218;;500;;;;;;;;;;
198;218;;;;;;;;;;;;
182;219;;;;;10000;;;;;;;
183;219;;;;;5000;;;;;;;
127;220;;;;;;;;;;;;
128;220;;;;;;;;;;;;
199;220;;;;;;;;;;;;
182;221;;;;;8000;;;;;;;
183;221;;;;;12000;;1500;;;;;
29;222;;;;;;;;;;;;
200;222;;;;;;;;;;;light;
56;223;;;;;;;;;;;;
201;223;;;;;;;;;;;;
4;224;;9000;;;;;1000;;;;;
202;224;8000;3000;;;;;6000;;1500;;;
2;225;16000;;28;;;;;;;1200;;
44;226;;;;;75000;;5000;;;;;
203;226;;;;;30000;;;;;;;
204;227;;;;;;;;;;;;
205;227;;;;;;;;;;;;
206;227;;;;;;;;;;;;
207;227;;;;;;;;;;;;
208;227;;;;;;;;;;;;
81;228;10000;2000;;;;;4000;;;;;
209;228;;;;;2500;;;;;;;
210;228;10000;2000;;;;;4000;;;;;
4;229;;;;;;;;;;;;
113;229;;;;;;;;;;;;
97;230;;;;;40000;;;;;;;
116;230;;;;;40000;;8000;;;;;
2;231;23000;;;;;;4000;;;;;
211;231;15000;;;;;;;;;900;;
4;232;;;;92;;;;;;;;
113;232;;;;92;;;;;;;;
169;232;;;;92;;;;;;;;
212;232;1300;;;36;;;;;;;;
213;232;;;;92;;;;;;;;
214;232;;;;92;;;;;;;;
215;232;;;;92;;;;;;;;
113;233;;;;;;;2000;;;;;
216;233;;;;;;;;;;;light;
2;234;;;;;30000;;;;;;;
113;234;;;;;8000;;4000;;;;;
2;235;;;160;;40000;;300;400;;;;
72;235;;;160;;40000;;300;400;;;;
92;235;;;160;;40000;;300;400;;;;
113;235;;;;;15000;;;;;;;
2;236;;;;;23000;;4000;4500;;;;
92;236;;;;;16000;;9000;;;;;
211;236;;;;;16000;;9000;;;;;
216;236;;;;;23000;;4000;4500;;;;
2;237;20000;1200;;;;;;;;7500;;
113;237;20000;1200;;;;;;;;7500;;
120;237;;;;;11500;;1500;;;;;
2;238;;;;;7000;;3000;;;;;
6;238;;;;;30000;;;;;;very light;
72;238;;;;;30000;;;;;;very light;
5;239;;;;;32000;;12000;;;;;
6;239;;;;;26000;;1500;;;;;
72;240;9500;1000;32;;;;;;;;;
113;240;10000;3000;24;;;;;;;4500;;
211;240;9500;1000;32;;;;;;;;light;
97;241;40000;;200;;;;;;;;;
116;241;25000;;300;;;;;;;;;
4;242;;;;;60000;;;;;;heavy;
217;242;;;;;50000;;;;;;heavy;
2;243;37000;1700;;;;;5000;;;;;
105;243;22000;200;;;;;11000;;;;;
113;243;37000;1700;;;;;5000;;;;;
120;243;22000;200;;;;;11000;;;;;
218;244;;;;;;;;;;;;
219;244;;;;;4000;;;;;;;
92;245;;;;;;;;;;;;
220;245;;;;;;;;;;;;
221;246;;;;;6000;;;;;;;
222;246;;;;;9000;;;;;;;
4;247;65000;;50;;;;;;;;;
214;247;;;;;80000;;;;;;;
4;248;;;;;;;;;;;;
214;248;;;;;;;;;;;;
4;249;;;;;20000;;6000;;;;;
214;249;;;;;20000;;7000;;;;;
223;250;;;;;21000;;;;;5000;;
224;250;;;;;21000;;;;;5000;;
225;250;;;;;50000;;;;;;light;
223;251;100000;100;16;;;;;;;20400;;
224;251;100000;100;16;;;;;;;20400;;
225;251;;;;;300000;;;;;200000;;
2;254;;;;;25000;;3000;;;;;
211;254;;;;;18000;;;;;;light;
4;255;200000;;;400;;;20000;;;;;
24;255;7500;;;;;;6000;;;;;
113;255;7500;;;;;;6000;;;;;
226;256;;;;;;;;;;;;
227;256;;;;;;;;;;;;
223;257;;;;;70;;5;16;;;;
228;257;;;;;300;;;;;100;;
229;258;;;;;6000;;;;;;;
230;258;;;;;6000;;;;;;;
231;258;;;;;8000;;;;;;;
2;259;17000;6500;53;;;;;;;15000;;
232;259;19000;4000;17;;;;;;;500;;
175;260;;;;;14000;;;;;;light;
233;260;35000;1000;;;;;17500;;;;;
4;261;55000;;160;;;;1500;;;;;
40;261;30000;35000;85;;;;17000;;;;;
226;262;;;;;;;;;;;;
234;262;;;;;;;;;;;;
92;263;5500;;;;;;;;;500;;
232;263;;;;;20000;;;;;;;
174;264;;;;;200;;;;;;;
235;264;;;;;200;;;;;;;
4;265;;;;;120000;;;;;15000;;
72;265;;;;;19000;;;;;;;
171;265;;;;;120000;;;;;15000;;
223;265;;;;;19000;;;;;;;
236;265;;;;;19000;;;;;;;
72;266;;;;;;;;;;;;
237;266;;;;;;;;;;;;
174;267;12000;500;;;;;;;;;;
235;267;100000;600;;;;;;;;;;
223;268;;;;;168;;3;;;;;
238;268;;;;;3000;;;;;;;
170;269;2500;4500;12;;;;256;;;;;
171;269;;17000;50;;;;7746;;1000;;;
13;270;;;;;7000;;;;;;;
239;270;;;;;2000;;;;;;;
174;271;;;;;;;261;17;;;;
235;271;;;;;;;7;18;;;;
223;272;106;62;4;;;;3;1;;;;
240;272;;;;;4000;;2000;;5000;;;
223;273;300;60;3;;;;;;;;light;
240;273;;;;;50000;;;;;;;
241;274;;;;;1000;;;;;;;
242;274;;;;;8000;;;;;;;
223;275;30000;;;;;;;;;;;
240;275;;;;;700;;;;;;light;
223;276;;;;;30000;;;;;;;
240;276;;;;;30000;;;;;;;
243;276;;;;;30000;;;;;;;
244;277;;;;;700;;;;;;;
245;277;;;6;;500;;150;;;;;
4;278;;;;122;12000;;400;800;;;;
246;278;;;;300;60000;;;;3000;;;13
247;279;;;;;;;;;;;;
248;279;;;;;2500;;2700;;;;;
174;280;;;;;;;;;;;;
235;280;;;;;;;;;;;;
174;281;1500;;;;;;;;;;;
212;281;400;;;;;;8;40;;;;
249;282;;;;;3000;;;;;;;
250;282;;;;;12000;;;;;;;
174;283;;;;;;;;;;;;
212;283;;;;;;;;;;;;
174;284;;;;;;;;;;;;
212;284;;;;;;;;;;;;
5;285;;;;;2000;;;;;;light;
6;285;;;;;3000;;;;;;heavy;
174;286;3000;20;;;;;;;;;;
212;286;313;;;;;;168;;;;;
5;287;;;;;16000;;20;;1200;;;
6;287;;;;;3000;;7;;;;;
251;288;;;;;;;;;;;;
252;288;;;;;;;;;;;;
253;289;;;;;1000;;;;;;;
254;289;;;;;5000;;;;;;;
254;290;;;;;3000;;;;;;;
255;290;;;;;1100;;;;;;;
254;291;;;;;5000;;;;;;;
256;291;;;;;3000;;;;;;;
127;292;;;;;;;;;;;;
128;292;;;;;;;;;;;;
257;292;;;;;;;;;;;;
174;293;14000;1200;;;;;160;;;;;
235;293;8000;500;;;;;;;;;;
254;294;;;;;3000;;;;;;;
258;294;;;;;1200;;;;;;;
2;295;12000;1700;20;;;;;;;2000;;
211;295;15000;900;20;;;;5500;;3150;;;
249;296;;;;;2000;;;;;;;
259;296;;;;;2000;;;;;;;
260;297;;;;;300;;295;;;;;
261;297;;;;;300;;295;;;;;
262;297;;;;;500;;492;;;;;
263;297;;;;;500;;492;;;;;
5;298;;;;;2500;;2;;;;;
6;298;;;;;5200;;800;;1000;;;
249;299;;;;;5000;;;;;;;
264;299;;;;;5100;;;;;;;
254;300;;;;;3200;;;;;;;
265;300;;;;;2500;;;;;;;
6;301;12000;;;80;;;400;;;;;
266;301;30000;;;200;;;;;;;;
226;302;11000;;;;;;;;;;;
234;302;;;;;85000;;;;;14500;;
267;302;;;;;85000;;;;;14500;;
229;303;12000;3000;15;;;;7000;;1000;;;
230;303;12000;3000;15;;;;7000;;1000;;;
232;303;25000;4500;20;;;;200;;;;;
268;303;12000;3000;15;;;;7000;;1000;;;
269;303;12000;3000;15;;;;7000;;1000;;;
270;303;12000;3000;15;;;;7000;;1000;;;
5;304;;;;;30000;;10000;;2000;;;
6;304;16800;;;30;;;400;;;;;
249;305;;;;;7000;;700;;;;;
271;305;;;;;3000;;;;;;;
249;306;;;;;;;;;;;;
272;306;;;;;;;;;;;;
249;307;;;;;3200;;;;;;;
272;307;;;;;4000;;;;;;;
4;308;;;;;10000;;;;;;;
273;308;800;;;;;;;;630;;;
271;309;;;;;3000;;1000;;;;;
274;309;;;;;4000;;;;;;;
275;310;150000;;150;;;;;;;;;
276;310;150000;;150;;;;;;;;;
277;310;150000;;150;;;;;;;;;
278;310;40000;;;;;;65000;;190000;;;
279;310;40000;;;;;;65000;;190000;;;
4;311;;;;;35000;;;;;;heavy;
280;311;;;;;2200;;350;;;;;
281;312;;;;;20000;;;;;4000;;
282;312;;;;;10000;;;;;3000;;
2;313;;;;;;;;;;;;
72;313;;;;;;;;;;;;
281;314;;;;;15000;;;;;4000;;
282;314;;;;;10000;;;;;3000;;
127;315;;;;;;;120;;;;;
128;315;;;;;;;;;;;;
175;316;;15000;;;;;;;;;;
283;316;;30000;51;;;;;;120;;;
281;317;;;;;15000;;;;;4000;;
282;317;;;;;10000;;;;;3000;;
2;318;;;;;26000;;3000;;7000;;;
191;318;;;;;70000;;1000;;;;;
223;318;;;;;70000;;1000;;;;;
2;319;;;;;27000;;;;;;;
6;319;;;;;2500;;;;;;;
2;320;12000;2000;;;;;;;;12500;;
211;320;15000;3000;;;;;300;;;;;
4;321;;;;86;;;1000;;;;;
61;321;;;;200;;;18000;;;;;60
284;322;;;;;11000;;;;;;;
285;322;;;;;25000;;;;;;;
251;323;;;;;25000;;;;;;;
286;323;;;;;3000;;;;;;;
281;324;;;;;15000;;;;;4000;;
282;324;;;;;12000;;;;;3000;;
127;325;;;;;2000;;;;;;none;
204;325;;;;;2000;;;;;;none;
205;325;;;;;2000;;;;;;none;
263;325;;;;;2000;;;;;;none;
287;325;;;;;2000;;;;;;none;
288;325;;;;;2000;;;;;;none;
289;325;;;;;2000;;;;;;none;
290;325;;;;;500;;120;;100;;;
291;325;;;;;500;;120;;100;;;
292;326;16500;2500;22;;;;4000;;;;;
293;326;8500;4500;;;;;3000;;1500;;;
281;327;;;;;15000;;;;;4000;;
282;327;;;;;12000;;;;;3000;;
294;328;;;;;20000;;;;;;;
295;328;;;;;8000;;;;;;;
296;329;;;;;;;;;;;;
297;329;;;;;;;;;;;;
298;329;;;;;;;;;;;;
4;330;;;;;36000;;;;;;;
132;330;;;;;7000;;;;;10000;;
223;330;;;;;7000;;;;;10000;;
299;330;;;;;7000;;;;;10000;;
300;330;;;;;7000;;;;;10000;;
4;331;;;;;200000;;25000;;;;;
301;331;;;;;2500;;2500;;;;;
211;332;;;;;1000;;;;;;;
302;332;;;;;2500;;750;;;;;
303;333;;;;;2000;;;;;;;
304;333;;;;;2000;;;;;;;
305;334;;;;;4000;;;;;;;
306;334;;;;;6000;;300;;;;;
211;335;;;;;1600;;;;;;very light;
302;335;;;;;3200;;2000;;;;;
211;336;3200;20;;;;;;;;2000;;
307;336;3900;200;;;;;50;;;;;
211;337;12000;3000;;;;;80;220;;;;
307;337;10000;2000;16;;;;7000;;;;;
211;338;16000;5500;;;;;20;;;;;
307;338;21000;9000;;;;;3000;;;;;
249;339;;;;;6000;;;;;;;
294;339;;;;;6800;;;;;;;
249;340;;;;;50000;;;;;;;
308;340;;;;;15000;;;;;;;
249;341;;;;;10000;;900;;;;;
294;341;;;;;20000;;3200;;;;;
148;342;;;;;;;;;;;;
293;342;;;;;;;;;;;;
148;343;;;;;29500;;;;;;;
293;343;;;;;25000;;;;;;;
148;344;12000;7000;;;;;600;;;;;
293;344;18000;9000;;;;;;;;;;
286;345;;;;;;;;;;;;
309;345;;;;;;;;;;;;
286;346;;;;;24000;;;;;;;
310;346;;;;;16000;;;;;;;
286;347;;;;;30000;;;;;;;
311;347;;;;;;;;;;20000;;
4;348;31000;;750;251;;;;;;20000;;
312;348;68500;;1800;212;;;;;;7500;;17
286;349;;;;;20000;;;;;;;
313;349;;;;;20000;;;;;;;
4;350;120000;;;;;;100000;;;;;
314;350;120000;;;;;;100000;;;;;
315;350;65000;;;;;;5000;;;;;
249;351;;;;;;;;;;;;
316;351;;;;;;;;;;;;
6;352;;;;;7000;;800;;;;;
211;352;;;;;3000;;;;;;light;
317;352;;;;;;;800;;;;;
249;354;;;;;27000;;300;;;;;
316;354;14000;;;;;;1000;;;;;
249;355;;;;;;;;;;;;
318;355;;;;;;;;;;;;
286;356;;;;;;;;;;;;
310;356;;;;;;;;;;;;
286;357;;;;;;;;;;;;
319;357;;;;;;;;;;;;
249;358;;;;;;;;;;;;
320;358;;;;;;;;;;;;
211;361;;;;100;;;;;;;light;
321;361;;;;150;;;;;;;;21
6;362;7550;225;;;;;4000;;;;;
211;362;17500;;;;;;1700;;;;;
307;362;7550;225;;;;;4000;;;;;
211;363;1300;;;30;;;;;300;;;6
321;363;700;;;24;;;;;;;;
211;364;;;;75;;;1200;;;;;15
321;364;;;;;;;;;;;;
60;365;;;;;;;;;;;;
211;365;;;;;;;;;;;;
293;365;;;;;;;;;;;;
307;365;;;;;;;;;;;;
211;366;5000;800;;;;;150;;;;;
307;366;5500;2600;;;;;3000;;;;;
322;366;5500;2600;;;;;3000;;;;;
211;367;;;;;;;;;;;;10
302;367;;;;64;;;;;;;;
286;369;;;;;20000;;;;;;;
313;369;;;;;20000;;;;;;;
286;370;;;;;;;;;;;;
323;370;;;;;;;;;;;;
286;371;;;;;;;6000;;;;;
324;371;;;;;;;8500;;;;;
286;372;;;;;20000;;;;;;;
313;372;;;;;20000;;;;;;;
286;373;;;;;;;;;;;;
296;373;;;;;;;;;;;;
286;374;;;;300;;;;;;;;
325;374;;;;700;;;;;;;;
326;375;1050;1450;;;;;88;100;;;;
327;375;10000;800;;;;;4420;;5000;;;
286;376;;;;;36000;;1000;;;;;
328;376;;;;;;;;;;;;
6;377;;;;;25000;;10500;;;;;
211;377;17000;1200;;;;;20;;;;;
4;378;80000;;;;;;;;;;;
72;378;18000;;40;;;;8000;;15000;;;
88;378;18000;;40;;;;8000;;15000;;;
92;378;18000;;40;;;;8000;;15000;;;
176;378;18000;;40;;;;8000;;15000;;;
329;378;18000;;40;;;;8000;;15000;;;
330;378;80000;;;;;;;;;;;
286;379;;;;300;;;;;;;;
325;379;;;;700;;;;;;;;
6;380;18000;2000;;;;;400;;;;;
211;380;12000;5000;;;;;400;;;;;
331;380;18000;2000;;;;;400;;;;;
252;381;;;;;;;;;;;;
325;381;;;;;;;;;;;;
4;382;;;;;;;;;;;;
332;383;;;;;;;;;;;;
333;383;;;;;;;;;;;;
2;384;24000;16000;58;;;;;;;;;
211;384;5000;1200;;;;;;;;6000;;
321;384;5000;1200;;;;;;;;6000;;
176;385;8000;500;30;;;;4000;;;;;
211;385;13000;1800;22;;;;500;;;;;
286;386;;;;;30000;;;;;;;
296;386;;;;;15000;;;;;;;
325;386;;;;;15000;;;;;;;
334;386;;;;;15000;;;;;;;
286;387;;;;;;;;;;;;
335;387;;;;;;;;;;;;
286;389;;;;;;;680;;;;;
324;389;;;;;;;;;;;;
286;390;;;;;;;;;;;;
325;390;;;;;;;;;;;;
286;391;;;;;;;;;;;;
324;391;;;;;;;;;;;very heavy;
286;392;;;;;;;;;;;;
325;392;;;;;;;;;;;;
286;393;;;;;;;;;;;very heavy;
336;393;;;;;;;;;;;;
332;394;;;;;30000;;3300;;;;;
336;394;;;;;13000;;3000;;;;;
332;395;;;;;;;;;;;;
336;395;;;;;;;;;;;;
332;396;50000;;;;;;;;;;;
337;396;27000;;;;;;;;;;;
4;397;;;;;;;;;;;;
338;397;;;;;50000;;;;;;;
316;398;;;;;18500;;;;;;;
332;398;;;;;40000;;;;;;;
332;399;113000;;;;;;;;;;;
339;399;;;;;;;;;;;;
60;400;;;;;;;;;;;;
211;400;;;;;;;;;;;;
321;400;;;;;;;;;;;;
293;401;5000;1800;;;;;40;;;;;
340;401;5000;1800;;;;;2000;;;;;
341;402;;;;;;;;;;;;
342;402;;;;;;;;;;;;
34;403;6500;;;;;;2000;;;;;
343;403;6500;;;;;;1000;;;;;
344;403;6500;;;;;;1000;;;;;
345;404;8000;3000;;;;;;;;;;
346;404;12000;4000;;;;;13500;;;;;
226;405;;;;;;;;;;;;
332;405;;;;;220000;;;;;;;
226;406;600;;;;;;;;;;;
332;406;14000;;;;;;;;;;;
347;407;18700;;;;;;500;;;;;
348;407;1000;;;;;;;;;;;
349;408;;;;;;;;;;;;
350;408;;;;;80000;;50000;;;;;
332;409;;;;70;;;;;;;;26
351;409;;;;100;;;;1;;;;
352;410;15000;;;;;;;;;;;
353;410;6600;;;;;;5000;;;;;
332;411;;;;133;;;;;;;;66
354;411;;;;56;;;19;400;;;;
355;412;;;;166;;;6;25;;;;
356;412;8000;;;470;;;;;;;;128
357;413;;;;;18700;;100;;;;;
358;413;;;;12000;;;300;450;;;;
357;414;30000;;;;;;10300;;;;;
359;414;;;;6300;;;1000;;;;;
349;415;;;;35000;;;120;;;;;
360;415;;;;20000;;;6000;;;;;
332;416;;;;;;;8000;;;;;
361;416;;;;3000;;;130;;;;;
357;417;;;;;;;;;;;;
362;417;;;;6000;;;60000;;;;;
4;418;;;;14000;14000;;8000;;;;;
301;418;;;;5000;;;500;;;;;
363;419;;;;700;;;;;;;;
364;419;;;;;;;;;;;;
365;419;;;;;;;;;;;;
366;419;;;;;;;;;;;;
290;420;;;;;;;;;;;;
367;420;;;;;;;;;;;;
4;421;;;;100000;100000;;25000;;;;;
40;421;45000;;50;;;;20000;;;;;
72;421;45000;;50;;;;20000;;;;;
92;421;45000;;50;;;;20000;;;;;
211;421;45000;;50;;;;20000;;;;;
230;421;45000;;50;;;;20000;;;;;
236;421;45000;;50;;;;20000;;;;;
314;421;;;;;100000;;20000;;;;;
368;421;45000;;50;;;;20000;;;;;
369;421;45000;;50;;;;20000;;;;;
370;421;45000;;50;;;;20000;;;;;
371;421;45000;;50;;;;20000;;;;;
6;422;14000;;;150;;;2000;;;;;10
211;422;5000;;;40;;;;;;;;32
321;422;14000;;;150;;;2000;;;;;10
6;423;6000;800;;;;;35;;;;;
211;423;4000;500;;;;;2000;;600;;;
321;423;6000;800;;;;;35;;;;;
332;424;;;;750;;;;;;;light;
355;424;;;;169;;;;;;;;157
372;425;;;;;56800;;;;;;light;
373;425;;;;;10000;;;;;;very heavy;
357;426;;;;;29000;;1120;;;;;
374;426;;;;;25000;;20000;;;;;
332;427;;;;133;;;;;;;;31
355;427;;;;13;;;2;3;;;;
60;428;;;;;4000;;900;;;;;
375;428;;;;;5000;;300;;;;;
186;429;9000;;;;;;40;200;;;;
376;429;5200;;;;;;500;;;;;
357;430;;;;;8500;;;;;;;
377;430;;;;;36200;;30000;;;;;
357;431;;;;500;;;;;;;;300
362;431;;;;150;;;500;;;;;
378;431;;;;150;;;500;;;;;
316;432;;;;;80000;;;;;;;
379;432;;;;;100000;;25000;;;;;
60;433;10000;1400;14;;;;2000;;;;;
211;433;7700;1200;9;;;;2500;;600;;;
321;433;10000;1400;14;;;;2000;;;;;
176;434;;;;8;;;;;;;;
321;434;;;;5;;;;;;;;
2;435;;;;200;;;18000;;;;;
6;435;;;;135;;;;;;;;
275;437;;;;;;;;;;;;
380;437;;;;;;;;;;;;
343;438;1000;2600;5;;;;100;200;;;;
381;438;1000;2600;5;;;;100;200;;;;
382;438;1000;2600;5;;;;;;;;;
383;438;8300;2500;11;;;;;;;7800;;
176;439;;;;20;;;500;;;;;2
321;439;;;;11;;;150;;;;;2
211;440;;;;22;;;4000;;;;;20
321;440;;;;26;;;100;60;;;;
275;441;;;;;;;;;;;heavy;
384;441;;;;;;;;;;;;
275;442;35000;;11;;;;5000;;;;;
384;442;6600;;2;;;;400;;;;;
385;442;35000;;11;;;;5000;;;;;
275;443;5000;;200;;;;;;;;;
384;443;22000;;30;;;;;;;;;
186;444;;;;;300;;280;;;;;
386;444;;;;;500;;6;12;;;;
387;445;;;;;1500;;;;;;;
388;445;;;;;600;;;;;;;
387;446;;;;;;;;;;;;
388;446;;;;;;;;;;;;
387;447;;;;;;;8000;;;;;
388;447;;;;;;;16000;;;;;
72;449;4000;158;;;;;2500;;;;;
236;449;;;;;;;;;;;;
72;450;;;;;;;;;;;;
389;450;;;;;;;1500;;;;;
390;451;;;;;;;;;;;;
72;452;;;;;10000;;;;;;;
389;452;;;;;;;;;;;;
72;453;;;;;27000;;700;;;;;
223;453;;;;;27000;;700;;;;;
236;453;;;;;15000;;4000;;;;;
391;453;;;;;27000;;700;;;;;
4;454;120000;13000;1300;;;;42000;;;;;
41;454;120000;13000;1300;;;;42000;;;;;
171;454;120000;13000;1300;;;;42000;;;;;
314;454;120000;13000;1300;;;;42000;;;;;
392;454;;;;;45000;;14500;;;;;
72;455;;;;;;;;;;;;
391;455;;;;;;;;;;;;
393;455;;;;;;;550;;;;;
72;456;;;;;25000;;4150;;;;;
223;456;;;;;25000;;4150;;;;;
391;456;;;;;25000;;4150;;;;;
393;456;;;;;;;12000;;;;;
72;457;;;;;;;;;;;;
223;457;;;;;;;;;;;;
391;457;;;;;;;;;;;;
394;457;;;;;;;;;;;;
247;458;6000;2000;4;;;;300;900;;;;
395;458;8000;6000;11;;;;;;;5000;;
72;459;;;;;25000;;;;;1000;;
223;459;;;;;25000;;;;;1000;;
391;459;;;;;25000;;;;;1000;;
396;459;;;;;;;;;;13000;;
176;460;;;;;;;;;;;;
321;460;;;;;;;50;;;;;
6;462;14000;;;;;;;;;10000;;
211;462;;;;;;;;;;4000;;
321;462;14000;;;;;;;;;10000;;
6;463;4000;;;18;;;;;1912;;;12
321;463;4000;;;18;;;;;1912;;;12
397;463;12000;;;52;;;71;64;;;;
60;464;;;;8;;;29;;;;;
176;464;;;;48;;;262;;;;;
321;464;;;;8;;;29;;;;;
176;465;250;;;;;;27;;;;;
321;465;1200;;;15;;;;;;;very heavy;
343;466;;2000;3;;;;1000;;150;;;
398;466;1000;2100;6;;;;;;;;very light;
72;467;;;;;;;200;;;;;
81;467;;;;;;;6000;;2500;;;
391;467;;;;;;;200;;;;;
399;467;;;;;;;6000;;2500;;;
72;468;3300;4500;;;;;300;;;;;
343;468;3300;4500;;;;;300;;;;;
398;468;6000;4100;;;;;100;;;;;
211;469;17200;5100;;;;;;;;;;
321;469;16000;4000;;;;;;;;;;
186;470;;;140;6;;;;;;;;2
343;470;;;179;10;;;;;;;;
211;471;;;;21;;;;;;;;16
321;471;;;;31;;;;;;;;
343;472;4000;;4;;;;1500;;500;;;
398;472;2400;3600;8;;;;30;60;;;;
72;473;2000;2500;;;;;300;;;;;
343;473;2000;2500;;;;;300;;;;;
398;473;1300;5500;18;;;;600;;200;;;
211;474;7000;;;;;;;;;2400;;
321;474;24000;4000;116;;;;;;;;;
6;475;;;;;;;;;;;;
88;475;;;;;;;;;;;;
400;475;;;;;;;;;;;;
401;475;;;;;;;;;;;;
402;475;;;;;;;;;;;;
403;475;;;;;;;;;;;;
404;475;;;;;;;;;;;;
405;475;;;;;;;;;;;;
72;476;;;;;;;300;1600;;;;
391;476;;;;;;;300;1600;;;;
406;476;;;;;;;;;;20000;;
321;477;;;;16;;;;;;2000;;3
397;477;;;;20;;;500;100;;;;2
72;478;35000;;;;;;7600;3000;6000;;;
230;478;41300;;;;;;5550;;;;;
398;478;41300;;;;;;5550;;;;;
407;478;35000;;;;;;7600;3000;6000;;;
60;479;;;;50;;;;;;;light;
211;479;5500;;;95;;;;;;1500;;80
321;479;;;;50;;;;;;;light;
72;480;;;;;;;3000;;;;;
186;480;;;;;;;2000;;;;;
391;480;;;;;;;;;;;;
211;481;23000;6000;;;;;;;;;;
321;481;17000;4000;;;;;;;;;;
72;482;3000;9000;;;;;;;;;;
393;482;12800;6200;60;;;;3400;1600;;;;
398;482;12800;6200;60;;;;3400;1600;;;;
72;483;8500;10100;32;;;;5000;;2000;;;
186;483;7750;10250;60;;;;3100;;;;;
230;483;8500;10100;32;;;;5000;;2000;;;
176;484;1030;;;;;;;;;;;
321;484;1300;;;9;;;;;;;;
211;485;;;;;;;;;;;;
321;485;;;;;;;850;1300;;;;
211;486;8000;;;;;;285;800;;;;
321;486;22000;;;;;;2500;;2500;;;
211;487;;;;46;;;;;;;;
321;487;;;;95;;;;;;;;
176;488;;;;3;;;;;;;;3
321;488;;;;9;;;;;;;;
176;489;;;;;;;;;;;;
321;489;;;;;;;;;;;;
176;490;;;;;;;;;;;;
321;490;2145;;;20;;;;;;;;
2;491;7000;3000;10;;;;3700;;3400;;;
211;491;13000;6000;20;;;;500;;;;;
408;492;9100;2500;16;;;;500;1500;;;;
409;492;12000;2300;7;;;;500;1500;;;;
72;493;25000;;46;;;;10000;;5000;;;
398;493;;;;;;;4000;;;;;
408;494;;;;;4600;;;;;;;
409;494;;;;;1300;;170;;400;;;
408;495;;;;;;;;;;;;
409;495;;;;;;;;;;;;
2;496;17000;6000;14;;;;;;;4000;;
223;496;19000;8000;18;;;;;;;7000;;
408;497;;;;;;;;;;;;
409;497;;;;;;;;;;;;
29;498;;;;;;;;;;;;
410;498;200;;1;;;;;;;;;
408;499;4000;2000;16;;;;250;650;;;;
409;499;1500;2500;;;;;20;60;;;;
408;500;2000;1800;2;;;;;;;;;
411;500;1800;2500;8;;;;600;;1000;;;
408;501;7500;7000;;;;;;;;;;
409;501;8000;6000;;;;;;;;;;
2;502;;;;;;;;;;;;
72;502;;;;;;;;;;;;
211;502;;;;;;;;;;;;
412;502;;;;;;;;;;;;
384;503;;;;;;;;;;;;
413;503;;;;;20000;;;;;;;
29;504;4000;5000;;;;;;;;;;
409;504;4000;5000;;;;;700;;;;;
408;505;11000;6000;14;;;;4000;;1500;;;
409;505;15000;7000;35;;;;300;;;;;
414;505;15000;7000;35;;;;300;;;;;
2;506;;;;;20000;;7500;;;;;
72;506;;;;;16500;;2500;;;;;
415;506;;;;;16500;;2500;;;;;
416;507;2000;150;;;;;;;;;light;
417;507;7000;800;;;;;;;;;;
408;508;;;;;;;;;;;;
409;508;;;;;;;;;;;;
418;509;2500;500;;;;;;;;;;
408;510;5000;3500;;;;;;;;;;
411;510;12000;7000;;;;;;;;;;
72;511;;;;;;;3600;;;;;
186;511;;;;;;;;;;;;
419;512;;;;;;;;;;;;
420;512;;;;;;;;;;;;
416;513;;;;;;;;;;;;
417;513;;;;;;;;;;;;
72;514;;;;;16000;;4500;;4500;;;
186;514;;;;;16000;;;;;1500;;
391;514;;;;;16000;;4500;;4500;;;
211;515;2500;250;;;;;;;;2500;;
321;515;12500;2500;20;;;;1600;;;;;
421;516;1300;250;;;;;;;;;light;
422;516;1300;250;;;;;;;;;light;
423;516;3600;300;;;;;1500;;;;;
408;517;3300;4100;;;;;1000;;5000;;;
409;517;7000;6000;;;;;400;;;;;
416;518;2000;300;;;;;;;;;;
417;518;2000;300;;;;;;;;;;
2;519;;;;;15000;;;;;;;
72;519;;;;;15000;;;;;;;
415;519;;;;;15000;;;;;;;
424;519;;;;;15000;;;;;;;
54;520;900;;;;;;;;;;;
321;520;1100;;;;;;;;;;;
416;521;3000;500;;;;;;;;;light;
417;521;7000;800;;;;;4500;;;;;
425;522;600;100;;;;;;;;;;
426;522;1000;6000;;;;;;;;;light;
421;523;;;;;;;300;;;;;
427;523;;;;;6000;;2500;;;;;
211;524;400;;68;4;;;15;;;;;
321;524;800;;470;18;;;500;;;;;5
421;525;;;;;6900;;3000;;;;;
428;525;;;;;;;;;;;light;
428;526;;;;;;;1000;;;;;
429;526;;;;;7000;;3000;;;;;
211;527;;;;;;;;;;;;
321;527;;;;12;;;;;;;;2
176;528;30600;;;;;;3000;;;;;
321;528;8400;;;;;;;;;;;
404;528;8400;;;;;;;;;;;
408;529;;;;;2000;;800;;;;;
430;529;;;;;4000;;;;;;;
408;530;7500;500;;;;;200;;3000;;;
430;530;1000;900;;;;;;;;;;
408;531;;;;;;;;;;;;
409;531;;;;;;;;;;;;
176;532;;;;;;;80;400;;;;
321;532;5000;;5;;;;;;;1000;;
2;533;19000;7000;;;;;;;;;;
72;533;4000;6000;;;;;2000;;;;;
398;533;19000;7000;;;;;;;;;;
415;533;4000;6000;;;;;2000;;;;;
186;534;;;;;13500;;500;700;;;;
389;534;;;;;2000;;219;475;;;;
408;535;;;;;9000;;2000;;9000;;;
411;535;;;;;;;100;;;;;
431;535;;;;;9000;;2000;;9000;;;
2;536;;;18;;16000;;3500;;;;;
211;536;;;38;;18000;;3000;;5000;;;
176;537;;;;;2600;;45;200;;;;
321;537;;;;;3500;;;;;1045;;
421;538;;;;;;;1000;;2500;;;
432;538;;;;;;;;;;;light;
5;539;9500;2500;9;;;;1500;;8000;;;
433;539;7500;3500;;;;;20;58;;;;
408;540;;;;;16000;;3000;;10000;;;
409;540;;;;;;;;;;;;
314;541;;;;;200000;;35000;;;;;
343;541;56000;17000;;;;;700;;;;;
434;541;;;;;200000;;35000;;;;;
321;548;;;;75;;;;;;;;12
433;548;;;;75;;;;;;;;2
321;549;;;;;;;;;;;;
433;549;;;;;;;150;;50;;;6
321;550;;;;;;;;;;;;
433;550;;;;;;;150;;50;;;6
321;551;;;;98;;;;;1350;;;17
433;551;;;;100;;;126;236;;;;
321;552;;;;127;;;;;;2000;;14
433;552;;;;120;;;250;700;;;;2
2;553;;;;;;;;;;;;
211;553;;;;;;;;;;;;
176;554;;;;5;;;;;;;;
321;554;;;;3;;;;;;;;
176;555;;;;3;;;;;;;;
321;555;;;;11;;;;;;;;
186;556;4500;6000;40;;;;;;;;very light;
384;556;4500;6000;40;;;;1000;;;;;
186;557;6500;1500;60;;;;4;;;;;
384;557;1000;7000;7;;;;300;;;;;
186;558;3200;;17;;;;;;;;;
384;558;310;;27;;;;;;;;;
314;560;4500;35500;;;;;3000;;;;;
343;560;4500;35500;;;;;3000;;;;;
398;560;5500;12500;;;;;1000;;;;;
435;560;5500;12500;;;;;1000;;;;;
314;561;;;;;8000;;;;;;light;
398;561;4000;;9;;;;;;;1500;;
436;561;4000;;9;;;;;;;1500;;
2;562;9000;6000;;;;;400;;;;;
433;562;9000;6000;;;;;400;;;;;
437;562;6000;8000;;;;;1000;;5000;;;
438;562;6000;8000;;;;;1000;;5000;;;
343;563;1000;;;;;;;;;;;
398;563;2000;;;;;;;;;;;
439;563;1000;;;;;;;;;;;
176;564;8000;2500;7;;;;201;697;;;;
211;564;14000;3500;19;;;;11200;;;;;
275;565;;;;;8500;;4200;;;;;
440;565;13000;;186;;;;1500;;;;;
314;566;40000;;20;;;;3100;3100;;;;
441;567;25000;;;;;;1000;;;;;
441;567;25000;;;;;;1000;;;;;
442;567;1900;;;10;;;1600;;;;;5
4;568;60000;;;;;;19000;;;;;
443;568;;;;;32000;;4000;;;;;
60;569;;;;109;;;400;;;;;1
321;569;;;;103;;;2500;;2000;;;17
60;570;;;;30;;;;;;;;
321;570;;;;50;;;118;;;;;
176;571;15000;;2;;;;;;;;;
403;571;25000;;;;;;;;;5000;;
6;572;15000;5000;200;;;;700;2000;;;;
176;572;15000;5000;20;;;;700;2000;;;;
211;572;15000;7600;14;;;;4000;;6000;;;
60;573;;;;79;;;1500;1450;1800;;;10
321;573;;;;84;;;1500;1300;;;;4
60;574;;;;106;;;300;;;;;1
321;574;;;;118;;;800;;;;;2
60;575;;;;;;;;;;;;13
444;575;1500;;;60;;;50;;;;;8
175;576;;;;;;;4000;;;;;
445;576;;;;;;;;;;;;
2;577;;;;93;;;;;;;;1
6;577;;;;93;;;;;;;;1
321;577;;;;75;;;;;;;;2
321;578;;;;;;Few;;;;;;
446;578;;;;;;;12000;;;;;
2;579;;;;;100000;;;;;;;
188;579;;;;;;;;;;;;
321;579;;;;;600;;;;;;;
447;579;;;;;;;;;;;;
2;580;;;;;;;;;;;;
72;580;;;;;;;;;;;;
211;580;;;;;;;;;;;;
321;580;;;;;;;;;;;;
4;581;35000;;120;;;;;;;30000;;
343;581;;;;;30000;;;;;;very light;
2;582;24295;;4826;86;;;;;;;;2
6;582;25000;;4826;86;;;;;;;;2
321;582;14762;;3157;64;;;;;;;;1
2;583;24000;16000;58;;;;;;;;;
211;583;5000;1200;;;;;;;;6000;;
321;583;5000;1200;;;;;;;;6000;;
2;584;24295;;4826;86;;;;;;;;2
6;584;25000;;4826;86;;;;;;;;2
321;584;14762;;3157;64;;;;;;;;1
2;585;;;;122;;;2000;;;;;
6;585;;;;122;;;2000;;;;;
321;585;;;;105;;;1000;;;;;
2;586;30000;14200;60;;;;;;;15000;;
72;586;40000;22000;70;;;;4000;7000;1000;;;
211;586;40000;22000;70;;;;4000;7000;1000;;;
321;586;40000;22000;70;;;;4000;7000;1000;;;
4;587;;;;;20000;;;;;;;
384;587;4000;2000;;;;;;;;;;
186;588;;;28;;7000;;;;;550;;
436;588;;;14;;7500;;;;;550;;
2;589;30000;;;;;;;;;;;
301;589;50000;;;;;;;;;;;
436;589;50000;;;;;;;;;;;
448;590;1150;;;;;;70;150;;;;
449;590;1000;;;;;;300;;300;;;
2;591;;;;29;;;500;;;;;
211;591;;;;27;;;700;;;;;
321;591;;;;27;;;700;;;;;
81;592;;;;35;;;;;;;;
186;592;;;;59;;;;;;;;3
321;592;;;;35;;;;;;;;
186;593;12000;;;57;;;1400;;;;;11
321;593;;;;42;;;100;;;;;1
321;594;6300;6000;56;;;;6000;1000;2000;;;
398;594;2000;6000;12;;;;3000;2000;70;;;
439;594;6300;6000;56;;;;6000;1000;2000;;;
81;595;;;;;14000;;3500;;;;;
186;595;7000;;;;;;1000;;;;;
398;596;9000;4000;;;;;;;;1800;;
439;596;5000;7000;;;;;;;;2500;;
2;597;;;;;34000;;;;;;;
321;597;;;;;;;8000;;3000;;;
81;598;;;;;2500;;;;;;;
186;598;;;;;;;;;;;;
186;599;;;;;;;;;;;;
450;599;;;;;;;;;;;;
2;600;;;;;;;2500;;;;;
211;600;;;;;;;4500;;;;;
321;600;;;;;;;4500;;;;;
451;601;;;;;;;;;;;;
452;601;;;;;;;;;;;;
451;602;;;;;3000;;600;;;;;
453;602;;;;;15000;;;;;;;
4;603;;;149;;200000;;60000;;5000;;;
72;603;;;370;;85000;;16500;;;;;
230;603;;;370;;85000;;16500;;;;;
412;603;;;370;;85000;;16500;;;;;
454;603;;;370;;85000;;16500;;;;;
455;603;;;370;;85000;;16500;;;;;
456;603;;;370;;85000;;16500;;;;;
457;604;;;;;;;200;;;;;
458;604;;;;;;;2000;;;;;
4;605;;;;;60000;;10000;;;;;
301;605;;;;;60000;;600;;;;;
412;605;;;;;60000;;600;;;;;
321;606;;;;;250;;;;;;;
459;606;;;;;600;;35;;;;;
460;607;;;;;;;;;;;;
461;607;;;;;;;;;;;;
462;607;;;;;;;;;;;;
463;607;;;;;;;;;;;;
464;607;;;;;;;;;;;;
465;607;;;;;;;;;;;;
466;607;;;;;;;;;;;;
466;607;;;;;;;;;;;;
467;607;;;;;;;;;;;;
2;609;;;;24;;;40;93;;;;
6;609;;;;19;;;94;300;;;;
2;610;;;;75;;;;;;;;
6;610;;;;56;;;;;;;;9
321;610;;;;56;;;;;;;;9
2;611;;;;;35000;;3000;3000;;;;
6;611;;;;;38000;;6000;5000;8000;;;
72;611;;;;;;;6000;5000;8000;;;
223;611;;;;;;;6000;5000;8000;;;
321;611;;;;;;;6000;5000;8000;;;
2;612;;;;;23500;;;;;1500;;
321;612;;;;;;;;;;750;;
459;612;;;;;;;;;;1500;;
468;612;;;;;;;;;;750;;
2;613;2000;;;;;;7;12;;;;
6;613;2300;6;34;;;;30;;;;;
459;614;;;;;;;4000;;4000;;;
469;614;;;;;;;3000;;;;;
4;615;;;154;;80000;;;;;;;
72;615;;;;;50000;;;;;;;
2;616;750;;;;;;45;60;;;;
6;616;240;;;;;;37;31;;;;
470;616;750;;;;;;45;60;;;;
2;617;;;;;;;400;;;;;
5;617;;;;;;;1750;;;;;
6;617;;;;;;;1750;;;;;
321;617;;;;;;;1750;;;;;
2;618;;;;75;;;1700;;;;;15
6;618;;;;122;;;2000;3000;;;;
321;618;;;;122;;;2000;3000;;;;
2;619;;;151;;120000;;7000;;;;;
72;619;;;;;6000;;4000;;;;;
211;619;;;;;6000;;4000;;;;;
321;619;;;;;6000;;4000;;;;;
2;620;;;;;80000;;8000;;;;;
5;620;;;;;80000;;10000;;;;;
6;620;;;;;80000;;10000;;;;;
81;620;;;;;80000;;10000;;;;;
321;620;;;;;80000;;10000;;;;;
2;621;;;;70;;;;;;;;
6;621;;;;16;;;;;;;;
321;621;;;;16;;;;;;;;
2;622;;;;;80000;;;;;;;
5;622;;;;;50000;;;;;;;
6;622;;;;;50000;;;;;;;
321;622;;;;;50000;;;;;;;
2;623;;;;;24000;;500;;;;;
211;623;;;;;20000;;;;;3000;;
2;624;;;;;;;;45;;;;
6;624;11000;;;130;;;1200;;450;;;3
321;624;11000;;;130;;;1200;;450;;;3
4;625;;;90;;90000;;30000;;;;;
471;625;34000;16000;60;;;;429;1598;;;;
275;626;37000;;195;;;;9000;;20000;;;
398;626;12000;;340;;;;667;1247;;;;
230;627;20000;;;;;;1300;;700;;;
275;627;20000;;;;;;1300;;700;;;
381;627;20000;;;;;;1300;;700;;;
398;627;7000;;;;;;100;400;;;;
2;628;;;;;;;1000;;;;;
301;628;;;;;;;500;;;;;
230;629;7500;15400;51;;;;2000;;1700;;;
343;629;7500;15400;51;;;;2000;;1700;;;
398;629;8000;4000;4;;;;300;800;;;;
275;630;24000;;24;;;;1250;;;;;
398;630;6000;;17;;;;840;;2000;;;
2;631;17000;;33;;;;1703;2601;;;;
72;631;14000;;;;;;3000;742;;;;
2;632;;;;18;;;2000;;;;;
6;632;;;;25;;;200;;;;;
321;632;;;;225;;;200;;;;;
472;632;;;;18;;;2000;;;;;
6;633;;;;;22000;;1342;3699;;;;
415;633;13000;;16;;;;5000;;3000;;;
2;634;56000;;90;;;;20000;;14190;;;
6;634;52000;;66;;;;4542;7942;;;;
412;634;56000;;90;;;;20000;;14190;;;
186;635;3500;3500;17;;;;900;1000;;;;
473;635;3600;8000;16;;;;2000;2500;400;;;
230;636;;9500;;;;;800;1000;;;;
343;636;;9500;;;;;800;1000;;;;
398;636;60;1940;;;;;150;150;;;;
230;637;16000;4000;32;;;;7377;;7500;;;
275;637;16000;4000;32;;;;7377;;7500;;;
398;637;3700;5700;;;;;452;1077;;;;
2;638;;;;;;;;;;;;
6;638;;;;;;;;;;;;
301;638;;;;;;;;;;;;
321;638;;;;;;;;;;;;
472;638;;;;;;;;;;;;
474;638;;;;;;;;;;;;
2;639;60000;;62;;;;13000;;6000;;;
5;639;62000;;90;;;;1066;2597;;;;
6;639;62000;;90;;;;1066;2597;;;;
321;639;62000;;90;;;;1066;2597;;;;
412;639;60000;;62;;;;13000;;6000;;;
472;639;60000;;62;;;;13000;;6000;;;
2;640;;;;;41000;;3800;;6000;;;
191;640;44700;;;;;;3246;;;;;
301;640;44700;;;;;;3246;;;;;
472;640;;;;;41000;;3800;;6000;;;
475;640;44700;;;;;;3246;;;;;
2;641;;;;;25000;;3500;;;;;
6;641;;;;;22000;;5000;;12000;;;
54;641;;;;;22000;;5000;;12000;;;
321;641;;;;;22000;;5000;;12000;;;
186;642;;;;;12500;;265;1028;;;;
473;642;39000;;;;;;4000;;;;;
2;643;;;;;100000;;6500;;7500;;;
301;643;;;;;;;3000;;;;;
321;643;;;;;;;3000;;;;;
475;643;;;;;;;3000;;;;;
476;643;;;;;;;3000;;;;;
275;644;31000;;30;;;;7500;;;;;
398;644;12000;;16;;;;6000;;;;;
2;645;;;;;23000;;3500;;;;;
321;645;;;;;;;;;;;;
472;645;;;;;23000;;3500;;;;;
476;645;;;;;;;;;;;;
275;646;33500;18600;102;;;;1345;3290;;;;
398;646;11000;13000;34;;;;7000;;2800;;;
2;647;;;80;;75000;;11000;;;;;
321;647;;;100;;86000;;21000;;;;;
412;647;;;80;;75000;;11000;;;;;
475;647;;;100;;86000;;21000;;;;;
81;648;10000;4000;29;;;;1500;3500;2677;;;
186;648;8400;5500;32;;;;897;2098;;;;
211;649;;;;;22000;;1000;;3000;;;
301;649;;;;;24000;;400;;;;;
321;649;;;;;24000;;400;;;;;
476;649;;;;;24000;;400;;;;;
54;650;;;;;30000;;1500;;;;;
211;650;;;;;20000;;5500;;7000;;;
301;650;;;;;30000;;1500;;;;;
321;650;;;;;30000;;1500;;;;;
474;650;;;;;30000;;1500;;;;;
476;650;;;;;30000;;1500;;;;;
2;651;;;;;10000;;1200;;;;;
472;651;;;;;10000;;1200;;;;;
476;651;;;;;4000;;600;3400;;;;
2;652;;;;;20000;;2500;;;;;
54;652;;;;;14000;;2500;;;;;
301;652;;;;;14000;;2500;;;;;
321;652;;;;;14000;;2500;;;;;
474;652;;;;;14000;;2500;;;;;
476;652;;;;;14000;;2500;;;;;
4;653;;;;;200000;;;;;;;
171;653;;;;;44000;;;;;;;
275;653;;;;;44000;;;;;;;
477;653;;;;;44000;;;;;;;
478;655;;;;;70;;16;9;;;;
479;655;;;;;70;;16;9;;;;
480;655;;;;;100;;;;;;;
58;656;;;;;53;;12;;;;;
476;656;;;;;130;;24;;;;;
481;656;;;;;53;;12;;;;;
2;658;;;;;100000;;880;1186;;;;
72;658;;;;;;;6500;;;;;
321;658;;;;;;;6500;;;;;
230;659;10000;9500;13;;;;3250;;3000;;;
398;659;7600;6400;30;;;;500;1100;;;;
439;659;10000;9500;13;;;;3250;;3000;;;
186;660;;;;;5500;;2645;900;;;;
473;660;;;9;;11000;;421;1500;;;;
482;661;941;;;9;;;361;;580;;;
483;661;15000;;;100;;;125;341;;;;
459;662;;;;;1700;;;;;;;
476;662;;;;;2750;;;;;;;
459;663;;;;;12000;;;;;232;;
484;663;;;;;6000;;;;;663;;
398;664;;;;15;;;;;;;;
450;664;;;;6;;;;;;;;
4;665;;1000;;;150000;;30000;;;;;
301;665;;;;;75000;;3000;2000;;;;
485;666;;;;;;;;;;;;
486;666;;;;;;;;;;;;
81;667;;;;;;;9;10;19;;;
186;667;;;;;;;200;;;;;
211;668;;;;;1000;;100;;274;;;
459;668;;;;;1000;;100;;274;;;
476;668;850;;4;;;;21;121;;;;
487;669;;;;;;;;;;;;
488;669;;;;;;;;;;;;
489;670;;;;;25000;;3500;;;;;
490;670;;;;;45000;;12000;;;;;
211;671;;;;;14000;;99;196;;;;
301;671;8000;2500;;;;;1000;1000;2500;;;
2;672;49000;;;;;;1600;4000;;;;
491;672;40000;;;;;;1600;4200;;;;
4;673;;;;;100000;;;;;;;
301;673;;;;;;;10000;;;;;
4;674;;;;;90000;;1000;;;;;
315;674;;;250;;61000;;;;;;;
211;675;3500;;;6;;;800;1200;;;;6
476;675;29000;;;186;;;10500;7500;;;;
301;676;;;;;19000;;;;;4550;;
475;676;;;;;21600;;;;;4850;;
321;677;;;;;;;;;;;heavy;
492;677;;;;;;;;;;;light;
301;678;;;40;;30000;;1052;5500;1000;;;
475;678;;;88;;28000;;1905;4550;1000;;;
2;679;23000;;56;;;;;;;;;
301;679;;;98;;36000;;2500;;;;;
476;679;;;98;;36000;;2500;;;;;
493;679;;;98;;36000;;2500;;;;;
2;680;;;1806;30;;;149;467;;;;1
476;680;;;2280;39;;;142;196;;;;11
2;681;;;;;30000;;;;;2820;;
476;681;;;;;8000;;1500;;1830;;;
2;682;;;;;5000;;1900;;;;;
494;682;;;;;2000;;;;;2000;;
2;683;;;;;26000;;2700;;;;;
301;683;;;;;25000;;;;;4400;;
2;684;;;110;;50000;;2500;5000;;;;
301;684;;;101;;52000;;2500;5000;3500;;;
321;684;;;101;;52000;;2500;5000;3500;;;
476;684;;;101;;52000;;2500;5000;3500;;;
230;685;;;122;;62500;;8650;;5080;;;
301;685;;;122;;62500;;8650;;5080;;;
475;685;;;192;;58500;;;;;;;
459;686;;;;;2500;;30;70;;;;
476;686;;;;;2300;;300;450;1450;;;
230;687;;;;;40200;;;;;7444;;
301;687;;;;;40200;;;;;7444;;
475;687;;;;;22500;;856;3055;;;;
230;688;;;80;;35000;;3800;;6700;;;
301;688;;;80;;35000;;3800;;6700;;;
475;688;;;33;;32000;;1600;3500;;;;
459;689;;;;;8000;;50;80;;;;
476;689;;;;;7000;;350;;300;;;
2;690;;;;;7000;;1750;;154;;;
459;690;;;;;7000;;1750;;154;;;
476;690;;;;;;;50;259;;;;
2;691;;;;;105980;;;;;13000;;
301;691;;;;;;;3400;;;;;
2;692;;;;;;;;;;;;
301;692;;;;;;;;;;;;
2;693;;;;;120000;;3500;;;;;
301;693;;;;;85000;;4500;;3000;;;
321;693;;;;;85000;;4500;;3000;;;
476;693;;;;;85000;;4500;;3000;;;
2;694;;;;;80000;;8700;;;;;
321;694;;;;;;;8000;;;;;
476;694;;;;;;;8000;;;;;
2;695;;;;;30000;;5259;;;;;17
321;695;;;;;10000;;5000;;;;;
476;695;;;;;10000;;5000;;;;;
2;696;25000;;;;;;5300;;;;;
494;696;15000;;;;;;299;;;;;
211;697;;;;7;;;86;197;470;;;2
476;697;;;;7;;;59;120;;;;3
495;699;;;;;;;;;;;;
496;699;;;;;;;;;;;;
476;700;;;;;;;1;2;;;;
497;700;;;;;35;;;;;;;
2;701;600;;;;;;3;19;;;;
470;701;600;;;;;;3;19;;;;
476;701;400;;;;;;31;;369;;;
498;701;600;;;;;;3;19;;;;
2;702;462;;;;;;8;6;;;;
476;702;2270;;;;;;4;16;;;;
481;702;462;;;;;;8;6;;;;
2;703;891;;;;;;30;57;;;;
476;703;2100;;10;;;;500;450;;;;
499;703;2100;;10;;;;500;450;;;;
2;704;360;;;;;;1;2;;;;
470;704;360;;;;;;1;2;;;;
476;704;111;;;;;;76;;35;;;
2;705;3000;;;;;;30;;;;;
470;705;3000;;;;;;30;;;;;
476;705;1100;;;;;;120;;1700;;;
301;706;;;;;;;;;;;;
475;706;;;;;;;;;;;;
72;707;;;;;;;;;;;;
475;707;;;;;;;;;;;;
2;708;8000;;;;;;;;;;light;
470;708;8000;;;;;;;;;;light;
476;708;2500;;;;;;130;;2308;;;
301;709;;;59;;60000;;12000;;4500;;;
475;709;;;82;;67000;;14300;;;;;
72;710;;;;;53000;;8000;;;;;
475;710;;;;;;;14000;;;;;
175;711;42000;20000;103;;;;500;;;;;
476;711;850;;108;;;;22;50;;;;
2;712;50000;10000;68;;;;614;676;;;;
476;712;30000;5000;28;;;;311;900;;;;
500;712;30000;5000;28;;;;311;900;;;;
473;713;;;;;75000;;5400;;;;;
475;713;;;;;25500;;5000;;;;;
301;714;;;;;26000;;1500;;;;;
475;714;;;;;13000;;1800;;;;;
2;715;;;45;;42000;;5000;;5000;;;
301;715;;;45;;42000;;5000;;5000;;;
475;715;;;79;;22000;;169;379;;;;
72;716;;;;;84000;;5000;;;;;
475;716;;;;;28000;;6000;;;;;
72;717;;;210;;66000;;3000;7000;12000;;;
475;717;;;167;;36000;;1141;5118;85;;;
2;718;;;;3;;;;;;;;3
476;718;;;;15;;;;;;;;
501;719;;;;10;;;29;89;;;;
502;719;;;;9;;;99;321;;;;
2;721;47000;;;;;;3000;;;;;
475;721;32000;;;;;;2200;;;;;
476;721;32000;;;;;;2200;;;;;
301;722;;;;;12000;;600;;;;;
475;722;;;;;30000;;2000;;1450;;;
2;723;3600;;;;;;100;500;150;;;
470;723;3600;;;;;;100;500;150;;;
476;723;18000;;;;;;1000;1500;;;;
2;724;3600;;;;;;100;500;150;;;
470;724;3600;;;;;;100;500;150;;;
476;724;18000;;;;;;1000;1500;;;;
473;726;;;210;;43500;;18000;;;;;
475;726;;;167;;36000;;12800;;;;;
2;727;500;;;;;;8;8;;;;
476;727;750;;;;;;104;220;18;;;
499;727;750;;;;;;104;220;18;;;
2;728;590;;;;;;;;;;light;
470;728;590;;;;;;;;;;light;
476;728;2000;;;;;;12;18;;;;
499;728;2000;;;;;;12;18;;;;
72;729;;;;;80000;;7300;;;;;
475;729;;;;;33000;;9400;;;;;
2;730;;;;;400;;;;40;;;
476;730;;;;;11376;;5;31;;;;
2;731;28000;;;;;;500;1300;;;;
476;731;35000;;;;;;415;1770;;;;
500;731;35000;;;;;;415;1770;;;;
473;732;47000;;;;;;5000;;;;;
475;732;28000;;;;;;8300;;;;;
2;733;1786;;;;;;109;;377;;;
470;733;1786;;;;;;109;;377;;;
476;733;4000;;;;;;239;;;;;
2;734;10000;;;;;;60;;;;;
470;734;10000;;;;;;60;;;;;
476;734;4000;;;;;;210;233;;;;
2;735;44000;;162;;;;7000;;;;;
230;735;44000;;162;;;;7000;;;;;
476;735;37000;;181;;;;2762;;;;;
2;736;;;;12;;;;;;;;5
476;736;;;;14;;;;;;;;
34;737;60000;5000;250;;;;7060;15302;5000;;;
315;737;60000;5000;250;;;;7060;15302;5000;;;
475;737;51000;;230;;;;6271;11342;4599;;;
2;739;3400;;;;;;116;600;;;;
476;739;4400;;;;;;58;600;;;;
2;740;;;;27;;;2500;;;;;7
476;740;;;;27;;;400;;;;;2
72;741;;;;;;;304;630;;;;
475;741;;;;;;;2000;;11741;;;
72;742;;;;;;;;;;;;
475;742;;;;;;;;;;;;
2;743;5000;;;;;;193;640;;;;
470;743;5000;;;;;;193;640;;;;
476;743;3800;;;27;;;259;829;;;;
72;744;28000;;;;;;3000;;;;;
475;744;12000;;;;;;2000;;8000;;;
2;745;;;;;130000;;1500;;;;;
476;745;;;;;62000;;1200;;;;;
500;745;;;;;62000;;1200;;;;;
475;746;;;;;;;3394;;;;;
503;746;;;;;105000;;3803;;4734;;;
2;747;300;;;;;;;;;300;;
476;747;11700;;;;;;26;47;;;;
504;747;11700;;;;;;26;47;;;;
72;748;;;;;;;11697;;;;;
475;748;;;;;50000;;;;;;;
2;749;300;;;;;;;;;300;;
476;749;11700;;;;;;26;47;;;;
504;749;11700;;;;;;26;47;;;;
501;750;4000;330;26;;;;;;;;;
502;750;2250;300;16;;;;;;;;;
505;751;57000;42000;125;;;;30000;;;;;
506;751;30000;40000;200;;;;35000;;;;;
2;752;;;;;90000;;5000;;;;;
475;752;;;;;65000;;;;;;;
476;752;;;;;65000;;;;;;;
301;753;;;;;;;;;;2500;;
475;753;;;;;;;;;;1600;;
211;754;9000;;;;;;100;;361;;;
476;754;10300;;;15;;;147;;;;;
476;755;;;;;;;50;60;;;;
507;755;;;;;300;;60;;;;;
175;756;;;140;;40000;;10000;;6000;;;
501;756;;;30;;7000;;1847;;;;;
2;758;;;;;;;600;1000;600;;;
508;758;;;;;;;;;;;;
2;760;;;;;;;;;;;;
508;760;;;;;;;;;;;;
4;762;;1300;83;;;;11000;;;;;21
315;762;;;;21;;;534;40;;;;5
509;762;;;;21;;;534;40;;;;5
4;763;15000;65000;33;;;;15000;;;;;
315;763;;;115;;38000;;100;;;;;
4;764;50000;90000;;;;;;;;20000;;
314;764;50000;90000;;;;;;;;20000;;
315;764;;;118;;38000;;1250;;;;;
510;765;;;;;1000;;18;61;;;;
511;765;;;;;2000;;9;;;;;
512;767;;;;;400;;33;;;;;
513;767;;;;;;;75;140;;;;
476;768;;;;;1500;;73;174;;;;
514;768;;;;;3960;;49;39;;;;
476;769;;;;;78;;;;78;;;
515;769;;;;;168;;;1;1;;;
516;769;;;;;168;;;1;1;;;
517;769;;;;;168;;;1;1;;;
476;770;;;;;40;;5;9;;;;
517;770;;;;;55;;10;3;;;;
102;771;;;;;2400;;115;305;30;;;
476;771;;;;;3000;;220;820;;;;
102;772;;;;;97;;6;10;31;;;
476;772;;;;;250;;;;;6;;
102;773;;;;;2000;;60;;;;;
476;773;;;;;750;;20;23;700;;;
504;773;;;;;750;;20;23;700;;;
476;774;;;2;;400;;80;;;;;
518;774;860;;;;;;;1;;;;
476;775;1800;;;;;;5;14;;;;
519;775;1200;;;;;;50;34;431;;;
520;775;1200;;;;;;50;34;431;;;
102;776;1050;;;;;;1;1;;;;
476;776;;;;;1500;;40;;;;;
476;777;250;;;;;;;;;;;
521;777;800;;4;1;;;;1;;;;3
522;777;800;;4;1;;;;1;;;;3
476;778;250;;;;;;1;4;;;;
504;778;250;;;;;;1;4;;;;
519;778;500;;;;;;;;;5;;
476;779;;;;;1000;;8;9;;;;
519;779;;;;;2000;;40;30;236;;;
520;779;;;;;2000;;40;30;236;;;
523;779;;;;;1000;;8;9;;;;
102;780;;;;;10000;;300;700;1000;;;
476;780;;;;;20000;;64;293;;;;
102;781;;;;;1800;;30;100;;;;
476;781;;;;;5000;;210;;;;;
102;782;500;;;15;;;80;;120;;;11
476;782;2000;;;25;;;40;;;;;
102;783;;;;;750;;8;13;;;;
476;783;;;;;4000;;3;20;;;;
500;783;;;;;4000;;3;20;;;;
102;784;;;;;3100;;50;150;17;;;
476;784;;;;;5000;;47;182;;;;
500;784;;;;;5000;;47;182;;;;
102;785;;;18;;2400;;2;5;;;;
500;785;;;6;;1500;;22;83;950;;;
102;786;400;;;;;;;1;5;;;
476;786;200;;;;;;13;;56;;;
102;787;;;40;;6000;;50;;;;;
476;787;5000;;28;;;;;;;200;;
102;788;4500;;35;;;;30;40;;;;
476;788;1200;;7;;;;50;64;250;;;
102;789;;;;;500;;;;;80;;
476;789;;;;;4000;;;7;;;;
102;790;3000;;;;;;7;11;;;;
476;790;7800;;;;;;5;;;;;
102;791;800;;;;;;385;50;30;;;
524;791;;;;;500;;72;21;;;;
525;791;;;;;500;;72;21;;;;
102;792;2350;;;;;;30;40;;;;
476;792;1100;;;;;;207;;700;;;
526;792;2350;;;;;;30;40;;;;
102;793;;;;;14600;;300;600;400;;;
476;793;;;;;15500;;93;488;;;;
527;793;;;;;14600;;300;600;400;;;
102;794;;;;;12000;;90;240;;;;
476;794;;;;;7000;;440;695;6222;;;
102;795;;;;;1100;;152;521;438;;;
476;795;;;;;9000;;71;448;;;;
527;795;;;;;11000;;152;521;438;;;
102;796;;;;;12000;;90;240;;;;
476;796;;;;;7000;;440;695;6222;;;
102;797;;;;;12000;;90;240;;;;
476;797;;;;;7000;;440;695;6222;;;
102;798;;;;;400;;26;8;58;;;
476;798;;;;;850;;;7;;;;
102;799;;;;;11000;;;;;430;;
476;799;;;;;14500;;200;400;60;;;
500;799;;;;;14500;;200;400;60;;;
102;800;100;100;;;;;9;;;;;
476;800;800;;;;;;;;;;;
2;801;;;;32;;;126;413;;;;
476;801;;;;29;;;407;789;;;;
2;802;;;;12;;;;;;850;;
476;802;;;;7;;;;;;230;;
211;803;;15;;;;;;;;;;
528;803;350;;;;;;;;;;;
102;804;325;;;;;;9;23;;;;
476;804;700;;;;;;55;75;;;;
102;805;;;;;172;;1;4;;;;
476;805;290;;;;;;11;5;79;;;
529;805;290;;;;;;11;5;79;;;
102;806;1100;;;;;;150;;227;;;
476;806;;;;;900;;5;11;;;;
2;807;;;1468;25;;;176;773;;;;
476;807;;;1516;21;;;1055;;;;;4
102;808;;;;;;;15;83;;;;
476;808;;;;;;;20;74;;;;
102;809;;;;;;;2;3;7;;;
476;809;;;;;;;50;;158;;;
102;810;;;;;3200;;11;32;;;;
476;810;1250;;;;;;17;16;2;;;
211;811;1430;;;;;;;;;;none;
530;811;23;;;;;;1;;16;;;
102;812;57;;;;;;7;;;;;
211;812;57;;;;;;7;;;;;
476;812;15;;;;;;2;1;1;;;
211;813;800;;;;;;1;2;;;;
476;813;550;;;;;;4;2;375;;;
2;814;5050;;;42;;;244;584;120;;;
102;814;5050;;;42;;;244;584;120;;;
476;814;3200;;;;;;40;63;;;;
211;815;;;;11;;;;;;2500;;5
476;815;;;;24;;;32;102;;;;
211;816;1300;;;;;;;;;;;
476;816;304;;;;;;3;8;;;;
2;817;;;;23;;;222;537;;;;
476;817;;;;20;;;120;354;;;;
501;818;;;;;5500;;3000;;3500;;;
531;818;;2500;;;;;;;;;;
2;819;5466;;391;;;;92;148;5266;;;
102;819;5466;;391;;;;92;148;5266;;;
476;819;13500;;;;;;76;182;;;;
532;819;13500;;;;;;76;182;;;;
211;820;300;;;;;;;;;75;;
476;820;1000;;;;;;4;4;;;;
102;821;1500;;;;;;13;49;;;;
500;821;;;;;6000;;25;234;;;;
102;822;;;;;;;900;;1000;;;
476;822;;;;;;;68;245;;;;
102;823;800;;2;;;;150;;300;;;
476;823;60;100;;;;;16;;;;;
102;824;;;;;900;;29;58;;;;
476;824;;;;;1100;;290;163;668;;;
211;825;200;;;;;;14;23;;;;
476;825;1000;;;;;;20;;;;;
530;825;1000;;;;;;20;;;;;
102;826;;;;;1400;;25;124;;;;
476;826;;;;;1150;;110;229;829;;;
102;827;;;;;4500;;;185;;;;
476;827;;;;;2100;;93;413;26;;;
2;828;;;;5;;;;;;;;
476;828;;;;5;;;36;147;;;;
102;829;;;;;;;19;113;41;;;
476;829;;;;;;;39;210;;;;
2;830;;;;24;;;;;;;;
476;830;;;;18;;;39;162;;;;
2;831;7000;;;;;;74;198;;;;
476;831;3500;;;;;;102;105;1113;;;
321;833;;;;7;;;142;403;;;;1
476;833;;;;7;;;104;339;;;;
2;834;;;1542;24;;;220;;;;;2
476;834;;;;;;;90;246;;;;6
102;835;;;;;140;;85;60;;;;
476;835;1700;;;;;;48;145;;;;
500;835;1700;;;;;;48;145;;;;
102;836;;;;;;;119;382;60;;;
476;836;;;;;;;85;297;430;;;
2;837;18900;;;29;;;88;301;;;;
102;837;18900;;;29;;;88;301;;;;
476;837;9000;;;;;;220;440;7500;;;
321;838;8000;;;;;;;;6000;;;
476;838;;;;;;;28;100;;;;
2;839;;;;19;;;;;;;;
476;839;;;;12;;;;;;;light;
211;841;10;62;1;;;;1;3;;;;
528;841;600;;;;;;25;;;;;
2;842;;;;26;;;107;204;;;;1
476;842;;;;22;;;72;244;;;;
2;843;;;;11;;;30;100;;;;
476;843;;;;9;;;32;83;;;;
2;845;;;;33;;;3000;;5000;;;5
476;845;;;;36;;;243;816;;;;
2;846;;;;12;;;225;;;;;3
476;846;;;;11;;;137;430;;;;2
2;847;;;;11;;;178;601;;;;
476;847;;;;11;;;77;233;;;;
102;848;182;;;;;;72;;11;;;
476;848;350;;;;;;7;10;;;;
533;848;350;;;;;;7;10;;;;
2;849;;;;14;;;82;255;;;;
476;849;;;;12;;;51;283;;;;
512;850;;;;;;;;;;;;
534;850;;;;;;;;;;;;
2;851;;;;15;;;102;386;;;;
476;851;;;;18;;;99;434;;;;
211;852;;20;;;;;5;1;;;;
528;852;500;;;;;;3;;;;;
535;852;500;;;;;;3;;;;;
72;854;;;;;;;108;60;;;;
536;854;;;;;;;87;;;;;
537;855;;;;;;;;;;;;
538;855;;;;;;;;;;;;
539;856;;;;;;;;;;;;
540;856;;;;;;;;;;;;
102;857;;;;;;;632;264;;;;
541;857;;;;;;;21;40;;;;
315;858;;;24;;11000;;2000;;;;;
343;858;;;12;;15000;;1000;;;;;
475;859;;;40;;60000;;;;;;;
542;859;;;;;;;;;;;;
72;860;;;;;;;;;;;;
475;860;;;;;;;;;;;;
543;860;;;;;;;;;;;;
58;861;;;100;;42000;;;;;;;
72;861;;;56;;14000;;1241;;;;;
58;862;;;;;44000;;4500;;;;;
321;862;;;;;41000;;2900;;;;;
211;863;;;;74;22000;;4000;;;;;
476;863;;;;74;22000;;4000;;;;;
544;863;;;;;32000;;2000;;;;;29
545;863;;;;74;22000;;4000;;;;;
546;863;;;;74;22000;;4000;;;;;
58;865;;;;;;;;;;;;
476;865;;;;;;;;;;;;
500;865;;;;;;;;;;;;
58;866;;;;;45000;;5000;;;;;
72;866;;;;;30000;;3000;;;;;
58;867;;;;;;;2500;;;;;
475;867;;;;;;;1000;;;;;
138;868;;;11;;5000;;225;;;;;
473;868;;;12;;3000;;800;;;;;
138;869;5500;;;;;;507;437;;;;
473;869;8000;;;;;;3000;;1750;;;
54;871;;;;;20000;;3500;;;;;
58;871;;;;;30000;;20;300;;;;
211;871;;;;;20000;;3500;;;;;
58;872;;;;26;;;4000;;3000;;;
476;872;;;;25;;;;;;1200;;
138;873;;;24;;15000;;1200;;;;;
315;873;;;124;;26500;;;;;;;
58;874;;;;;;;3000;;;;;
476;874;;;;;;;5500;;;;;
58;875;70000;12000;100;;;;5000;;;;;
301;875;52500;18000;111;;;;5000;;;;;
321;875;52500;18000;111;;;;5000;;;;;
476;875;52500;18000;111;;;;5000;;;;;
493;875;52500;18000;111;;;;5000;;;;;
58;876;116000;;;;;;;;;;;
301;876;83000;;;;;;;;;;;
58;877;;;;;;;;;;;;
301;877;;;;;;;3800;;;;;
102;878;;;;;;;33;100;;;;
541;878;;;;;;;30;;;;;
138;879;;;;;7000;;4000;;;;;
315;879;;;;;14000;;;;;;;
473;880;17000;;104;;;;580;960;;;;
547;880;17000;;90;;;;6000;;10000;;;
54;881;;;;;20000;;1400;;;;;
58;881;;;;;10000;;800;;;;;
548;882;;;;;68;;;;;;;
549;882;;;;;50;;7;;6;;;
442;883;;;;;450;;13;;;;;
476;883;;;;;;;21;42;;;;
307;884;670;;;;;;6;;;;;
476;884;1600;;;;;;8;;;;;
550;885;5000;;;;;;4000;;15000;;;
551;885;;;;;;;15000;;;;;
552;885;;;;;;;15000;;;;;
553;885;;;;;;;15000;;;;;
58;886;;;;;;;3000;;;;;
301;886;;;;;;;7000;;;;;
58;887;;;18;;12500;;880;;;;;
544;888;15500;2000;30;;;;1000;;;;;
554;888;9500;;14;;;;2036;;;;;
315;889;;;;;;;2150;;;;;
551;889;;;;;;;;;;;;
58;890;;;;;30000;;1250;;;;;
301;890;;;;;25000;;3000;;;;;
58;891;;;;;30000;;3000;;;;;
72;891;;;;;;;1500;;;;;
58;892;;;;;;;400;;;;;
301;892;;;;;;;600;;3000;;;
58;893;;;;;20000;;3500;;1300;;;
301;893;;;;;;;2200;;4000;;;
58;894;;;;;;;700;;;;;
58;895;;;;;17500;;600;;;;;
494;895;;;;;13000;;1600;;;;;
544;896;;;;;;;4000;;;;;
554;896;;;;;;;13000;;;;;
58;898;;;;;37500;;2000;;;;;
72;898;;;;;;;3500;;7000;;;
211;899;;;;36;;;250;550;;;;4
476;899;;;;17;;;73;327;;;;
476;900;;;;28;;;203;622;;;;
555;900;;;;26;;;;620;;;;7
476;901;;;;;45;;12;5;;;;
556;901;;;;;;;100;;;;;
476;902;;;;;;;25;;;;;
556;902;;;;;;;135;;;;;
557;902;;;;;;;135;;;;;
476;903;;;;;;;40;;;;;
556;903;;;;;500;;150;;;;;
476;904;;;;;500;;;;;;none;
556;904;;;;;1200;;600;;;;;
476;905;;;;;;;30;;;;;
556;905;;;;;;;400;;;;;
476;906;;;;;;;107;;;;;
556;906;;;;;;;6;;;;;
476;908;;;;;;;70;;18;;;
556;908;;;;;1500;;;;;;;
476;909;;;;;;;;;;;;
556;909;;;;;;;400;;;;;
476;910;;;;;;;100;;;;;
556;910;;;;;;;;;;;;
476;911;;;;;;;;;;;;
556;911;;;;;;;2400;;;;;
476;912;;;;;500;;60;;;;;
556;912;;;;;4000;;300;;;;;
557;912;;;;;4000;;300;;;;;
476;913;;;;;;;100;;;;;
556;913;;;;;;;500;;;;;
476;914;;;;;;;40;;;;;
556;914;;;;;;;;;;;;
556;915;;;;;5000;;500;;;;;
558;915;;;;;1500;;100;;;;;
558;916;;;;;18000;;100;;;;;
559;916;;;;;20000;;750;;;;;
476;917;;;;;200;;62;;;;;
556;917;;;;;1000;;;;;;none;
4;918;;;;;25000;;20000;;;;;
544;918;17000;3000;42;;;;29;260;;;;
476;919;;;;14;;;218;677;;;;
544;919;;;;17;;;3500;;3450;;;13
476;920;;;;;;;80;270;;;;
544;920;;;;;;;150;;;;;
476;921;;;;;26000;;12;16;;;;
544;921;;;;;2350;;500;;1144;;;
556;921;;;;;2350;;500;;1144;;;
560;921;;;;;26000;;12;16;;;;
4;923;;;;;;;;;;;;
561;923;;;;;;;;;;;;
4;924;;;;;40000;;;;;;;
58;924;;;;;;;2300;2200;;;;
58;925;;;;;;;;;;;;
72;925;;;;;;;;;;;;
58;926;;;;;33000;;14000;;;;;
315;926;;;;;17000;;6250;;;;;
4;927;;;;;18000;;2000;;5000;;;
58;927;7700;1000;;;;;220;600;;;;
58;928;;;;;35000;;11500;;;;;
315;928;;;;;;;8250;;;;;
476;929;;;;;;;74;376;;;;
555;929;;;;;;;137;950;;;;
476;930;;;;;;;37;147;;;;
544;930;;;;;;;1876;;;;;
555;930;;;;;;;1876;;;;;
315;931;;;;;;;1785;1225;;;;
476;931;;;;;;;1785;1225;;;;
544;931;;;;;;;;;3000;;;
555;931;;;;;;;;;3000;;;
58;932;;;;;;;3000;;;;;
301;932;;;;;76000;;7000;;6000;;;
315;932;;;;;76000;;7000;;6000;;;
315;933;;;;;;;;;;;;
476;933;;;;;;;;;;;;
544;933;;;;;;;;;;;;
555;933;;;;;;;;;;;;
315;934;;;;;;;2536;;;;;
476;934;;;;;;;2536;;;;;
544;934;;;;;;;1382;;;;;
555;934;;;;;;;1382;;;;;
58;935;;;;;;;;;;;;
72;935;;;;;;;;;;;;
58;936;;;;;;;;;;;;
301;936;;;;;;;;;;;;
58;938;;;;;11000;;;;;;;
301;938;;;;;;;4275;;;;;
58;939;;;24;;24000;;1100;3600;900;;;
301;939;;;100;;31000;;6000;;8000;;;
58;940;;;;;;;2000;;;;;
72;940;;;;;;;;;;5000;;
58;941;41900;11800;99;;;;2500;;;;;
301;941;46130;14130;214;;;;4600;;8950;;;
412;941;46130;14130;214;;;;4600;;8950;;;
58;942;;;;;;;;;;;;
72;942;;;;;;;;;;;;
